{"elements":[{"from":[5.7085714,7.4228573,7.7085714],"to":[10.291429,8.577143,8.862857],"rotation":{"angle":0.0,"axis":"y","origin":[8.0,12.571428,14.0]},"faces":{"east":{"uv":[8.5,3.0,9.0,3.5],"rotation":0,"texture":"#0","tintindex":0},"south":{"uv":[7.75,4.0,9.75,4.5],"rotation":0,"texture":"#0","tintindex":0},"north":{"uv":[7.75,3.5,9.75,4.0],"rotation":0,"texture":"#0","tintindex":0},"west":{"uv":[4.25,8.5,4.75,9.0],"rotation":0,"texture":"#0","tintindex":0},"up":{"uv":[8.0,8.25,6.0,7.75],"rotation":0,"texture":"#0","tintindex":0},"down":{"uv":[2.0,8.0,0.0,8.5],"rotation":0,"texture":"#0","tintindex":0}}},{"from":[10.428572,8.714286,9.0],"to":[5.5714283,7.285714,7.5714283],"rotation":{"angle":0.0,"axis":"y","origin":[8.0,12.571428,14.0]},"faces":{"east":{"uv":[15.75,15.75,16.0,16.0],"rotation":0,"texture":"#0","tintindex":0},"south":{"uv":[15.75,15.75,16.0,16.0],"rotation":0,"texture":"#0","tintindex":0},"north":{"uv":[15.75,15.75,16.0,16.0],"rotation":0,"texture":"#0","tintindex":0},"west":{"uv":[15.75,15.75,16.0,16.0],"rotation":0,"texture":"#0","tintindex":0},"up":{"uv":[15.75,15.75,16.0,16.0],"rotation":0,"texture":"#0","tintindex":0},"down":{"uv":[15.75,15.5,16.0,15.75],"rotation":0,"texture":"#0","tintindex":0}}},{"from":[7.142857,8.285714,7.7285714],"to":[7.714286,8.857143,7.7285714],"rotation":{"angle":45.0,"axis":"z","origin":[7.428571,8.571428,7.7285714]},"faces":{"east":{"uv":[0.0,0.0,0.0,0.25],"rotation":0,"texture":"#0","tintindex":0},"south":{"uv":[6.0,7.0,6.25,7.25],"rotation":0,"texture":"#0","tintindex":0},"north":{"uv":[6.0,7.0,6.25,7.25],"rotation":0,"texture":"#0","tintindex":0},"west":{"uv":[0.0,0.0,0.0,0.25],"rotation":0,"texture":"#0","tintindex":0},"up":{"uv":[0.25,0.0,0.0,0.0],"rotation":0,"texture":"#0","tintindex":0},"down":{"uv":[0.25,0.0,0.0,0.0],"rotation":0,"texture":"#0","tintindex":0}}},{"from":[8.285714,8.285714,7.7285714],"to":[8.857143,8.857143,7.7285714],"rotation":{"angle":-45.0,"axis":"z","origin":[8.571428,8.571428,7.7285714]},"faces":{"east":{"uv":[0.0,0.0,0.0,0.25],"rotation":0,"texture":"#0","tintindex":0},"south":{"uv":[6.25,7.0,6.0,7.25],"rotation":0,"texture":"#0","tintindex":0},"north":{"uv":[6.25,7.0,6.0,7.25],"rotation":0,"texture":"#0","tintindex":0},"west":{"uv":[0.0,0.0,0.0,0.25],"rotation":0,"texture":"#0","tintindex":0},"up":{"uv":[0.0,0.0,0.25,0.0],"rotation":0,"texture":"#0","tintindex":0},"down":{"uv":[0.0,0.0,0.25,0.0],"rotation":0,"texture":"#0","tintindex":0}}}],"textures":{"0":"modelengine:entity/baby_hatchling"},"display":{"head":{"translation":[0.0,-6.4,0.0],"scale":[4.0,4.0,4.0]}}}