{"elements":[{"from":[10.571428,8.857143,9.142858],"to":[5.428571,7.142857,7.428571],"rotation":{"angle":0.0,"axis":"y","origin":[8.0,9.142858,14.0]},"faces":{"east":{"uv":[15.75,15.75,16.0,16.0],"rotation":0,"texture":"#0","tintindex":0},"south":{"uv":[15.75,15.75,16.0,16.0],"rotation":0,"texture":"#0","tintindex":0},"north":{"uv":[15.75,15.75,16.0,16.0],"rotation":0,"texture":"#0","tintindex":0},"west":{"uv":[15.75,15.75,16.0,16.0],"rotation":0,"texture":"#0","tintindex":0},"up":{"uv":[15.75,15.5,16.0,15.75],"rotation":0,"texture":"#0","tintindex":0},"down":{"uv":[15.75,15.75,16.0,16.0],"rotation":0,"texture":"#0","tintindex":0}}},{"from":[5.5714283,7.285714,7.5714283],"to":[10.428572,8.714286,9.0],"rotation":{"angle":0.0,"axis":"y","origin":[8.0,3.4285712,14.0]},"faces":{"east":{"uv":[1.25,7.5,1.75,8.0],"rotation":0,"texture":"#0","tintindex":0},"south":{"uv":[7.75,0.0,9.75,0.5],"rotation":0,"texture":"#0","tintindex":0},"north":{"uv":[6.0,7.25,8.0,7.75],"rotation":0,"texture":"#0","tintindex":0},"west":{"uv":[8.5,2.5,9.0,3.0],"rotation":0,"texture":"#0","tintindex":0},"up":{"uv":[9.75,1.0,7.75,0.5],"rotation":0,"texture":"#0","tintindex":0},"down":{"uv":[9.75,1.0,7.75,1.5],"rotation":0,"texture":"#0","tintindex":0}}},{"from":[8.285714,7.0,7.714286],"to":[8.857143,7.5714283,7.714286],"rotation":{"angle":45.0,"axis":"z","origin":[8.571428,7.285714,7.714286]},"faces":{"east":{"uv":[0.0,0.0,0.0,0.25],"rotation":0,"texture":"#0","tintindex":0},"south":{"uv":[6.0,5.75,6.25,6.0],"rotation":0,"texture":"#0","tintindex":0},"north":{"uv":[6.0,5.75,6.25,6.0],"rotation":0,"texture":"#0","tintindex":0},"west":{"uv":[0.0,0.0,0.0,0.25],"rotation":0,"texture":"#0","tintindex":0},"up":{"uv":[0.25,0.0,0.0,0.0],"rotation":0,"texture":"#0","tintindex":0},"down":{"uv":[0.25,0.0,0.0,0.0],"rotation":0,"texture":"#0","tintindex":0}}},{"from":[7.142857,7.0,7.714286],"to":[7.714286,7.5714283,7.714286],"rotation":{"angle":-45.0,"axis":"z","origin":[7.428571,7.285714,7.714286]},"faces":{"east":{"uv":[0.0,0.0,0.0,0.25],"rotation":0,"texture":"#0","tintindex":0},"south":{"uv":[6.25,5.75,6.0,6.0],"rotation":0,"texture":"#0","tintindex":0},"north":{"uv":[6.25,5.75,6.0,6.0],"rotation":0,"texture":"#0","tintindex":0},"west":{"uv":[0.0,0.0,0.0,0.25],"rotation":0,"texture":"#0","tintindex":0},"up":{"uv":[0.0,0.0,0.25,0.0],"rotation":0,"texture":"#0","tintindex":0},"down":{"uv":[0.0,0.0,0.25,0.0],"rotation":0,"texture":"#0","tintindex":0}}}],"textures":{"0":"modelengine:entity/baby_hatchling"},"display":{"head":{"translation":[0.0,-6.4,0.0],"scale":[4.0,4.0,4.0]}}}