{"elements":[{"from":[7.6285715,7.6285715,7.257143],"to":[8.3714285,8.3714285,8.571428],"rotation":{"angle":0.0,"axis":"y","origin":[4.8571424,0.85714245,8.571428]},"faces":{"east":{"uv":[9.0,14.5,9.5,15.5],"rotation":90,"texture":"#0","tintindex":0},"south":{"uv":[9.0,15.0,9.5,15.5],"rotation":0,"texture":"#0","tintindex":0},"north":{"uv":[9.0,14.5,9.5,15.0],"rotation":0,"texture":"#0","tintindex":0},"west":{"uv":[9.0,15.5,9.5,14.5],"rotation":90,"texture":"#0","tintindex":0},"up":{"uv":[9.0,14.5,9.5,15.5],"rotation":0,"texture":"#0","tintindex":0},"down":{"uv":[9.5,15.5,9.0,14.5],"rotation":0,"texture":"#0","tintindex":0}}},{"from":[8.514286,8.514286,8.714286],"to":[7.4857144,7.4857144,7.1142855],"rotation":{"angle":0.0,"axis":"y","origin":[4.8571424,0.85714245,8.571428]},"faces":{"east":{"uv":[15.5,15.5,16.0,16.0],"rotation":90,"texture":"#0","tintindex":0},"south":{"uv":[15.5,15.5,16.0,16.0],"rotation":0,"texture":"#0","tintindex":0},"north":{"uv":[15.5,15.5,16.0,16.0],"rotation":0,"texture":"#0","tintindex":0},"west":{"uv":[15.5,15.5,16.0,16.0],"rotation":90,"texture":"#0","tintindex":0},"up":{"uv":[15.5,15.5,16.0,16.0],"rotation":0,"texture":"#0","tintindex":0},"down":{"uv":[15.5,15.5,16.0,16.0],"rotation":0,"texture":"#0","tintindex":0}}},{"from":[7.285714,7.285714,5.285714],"to":[8.714286,8.714286,7.285714],"rotation":{"angle":0.0,"axis":"y","origin":[4.8571424,0.85714245,8.571428]},"faces":{"east":{"uv":[2.0,15.0,3.5,16.0],"rotation":0,"texture":"#0","tintindex":0},"south":{"uv":[5.0,15.0,6.0,16.0],"rotation":0,"texture":"#0","tintindex":0},"north":{"uv":[6.0,15.0,7.0,16.0],"rotation":0,"texture":"#0","tintindex":0},"west":{"uv":[3.5,15.0,5.0,16.0],"rotation":0,"texture":"#0","tintindex":0},"up":{"uv":[0.0,14.5,1.0,16.0],"rotation":0,"texture":"#0","tintindex":0},"down":{"uv":[1.0,14.5,2.0,16.0],"rotation":0,"texture":"#0","tintindex":0}}},{"from":[8.857143,8.857143,7.428571],"to":[7.142857,7.142857,5.142857],"rotation":{"angle":0.0,"axis":"y","origin":[4.8571424,0.85714245,8.571428]},"faces":{"east":{"uv":[15.5,15.5,16.0,16.0],"rotation":0,"texture":"#0","tintindex":0},"south":{"uv":[15.5,15.5,16.0,16.0],"rotation":0,"texture":"#0","tintindex":0},"north":{"uv":[15.5,15.5,16.0,16.0],"rotation":0,"texture":"#0","tintindex":0},"west":{"uv":[15.5,15.5,16.0,16.0],"rotation":0,"texture":"#0","tintindex":0},"up":{"uv":[15.5,15.5,16.0,16.0],"rotation":0,"texture":"#0","tintindex":0},"down":{"uv":[15.5,15.5,16.0,16.0],"rotation":0,"texture":"#0","tintindex":0}}},{"from":[7.6571426,7.6571426,5.2285714],"to":[8.342857,8.342857,5.2285714],"rotation":{"angle":0.0,"axis":"y","origin":[4.8571424,0.85714245,8.571428]},"faces":{"east":{"uv":[2.0,15.0,3.5,16.0],"rotation":0,"texture":"#0","tintindex":0},"south":{"uv":[7.5,15.0,8.0,15.5],"rotation":0,"texture":"#0","tintindex":0},"north":{"uv":[7.5,15.0,8.0,15.5],"rotation":0,"texture":"#0","tintindex":0},"west":{"uv":[3.5,15.0,5.0,16.0],"rotation":0,"texture":"#0","tintindex":0},"up":{"uv":[0.0,14.5,1.0,16.0],"rotation":0,"texture":"#0","tintindex":0},"down":{"uv":[1.0,14.5,2.0,16.0],"rotation":0,"texture":"#0","tintindex":0}}}],"textures":{"0":"modelengine:entity/baby_giant"},"display":{"head":{"translation":[0.0,-6.4,0.0],"scale":[4.0,4.0,4.0]}}}