{"elements":[{"from":[8.428572,7.285714,7.4428573],"to":[11.0,8.142858,7.4428573],"rotation":{"angle":-45.0,"axis":"y","origin":[8.571428,8.0,7.428571]},"faces":{"east":{"uv":[16.0,15.5,15.5,16.0],"rotation":0,"texture":"#0","tintindex":0},"south":{"uv":[16.0,15.0,15.5,15.5],"rotation":0,"texture":"#0","tintindex":0},"north":{"uv":[16.0,15.5,15.5,16.0],"rotation":0,"texture":"#0","tintindex":0},"west":{"uv":[16.0,15.5,15.5,16.0],"rotation":0,"texture":"#0","tintindex":0},"up":{"uv":[16.0,15.5,15.5,16.0],"rotation":0,"texture":"#0","tintindex":0},"down":{"uv":[16.0,15.5,15.5,16.0],"rotation":0,"texture":"#0","tintindex":0}}},{"from":[8.428572,6.714286,7.4428573],"to":[9.857143,7.5714283,7.4428573],"rotation":{"angle":-45.0,"axis":"y","origin":[8.571428,8.0,7.428571]},"faces":{"east":{"uv":[16.0,15.5,15.5,16.0],"rotation":0,"texture":"#0","tintindex":0},"south":{"uv":[16.0,15.0,15.5,15.5],"rotation":0,"texture":"#0","tintindex":0},"north":{"uv":[16.0,15.5,15.5,16.0],"rotation":0,"texture":"#0","tintindex":0},"west":{"uv":[16.0,15.5,15.5,16.0],"rotation":0,"texture":"#0","tintindex":0},"up":{"uv":[16.0,15.5,15.5,16.0],"rotation":0,"texture":"#0","tintindex":0},"down":{"uv":[16.0,15.5,15.5,16.0],"rotation":0,"texture":"#0","tintindex":0}}},{"from":[8.428572,7.285714,7.4142857],"to":[11.0,8.142858,7.4142857],"rotation":{"angle":-45.0,"axis":"y","origin":[8.571428,8.0,7.428571]},"faces":{"east":{"uv":[16.0,15.5,15.5,16.0],"rotation":0,"texture":"#0","tintindex":0},"south":{"uv":[16.0,15.5,15.5,16.0],"rotation":0,"texture":"#0","tintindex":0},"north":{"uv":[16.0,15.0,15.5,15.5],"rotation":0,"texture":"#0","tintindex":0},"west":{"uv":[16.0,15.5,15.5,16.0],"rotation":0,"texture":"#0","tintindex":0},"up":{"uv":[16.0,15.5,15.5,16.0],"rotation":0,"texture":"#0","tintindex":0},"down":{"uv":[16.0,15.5,15.5,16.0],"rotation":0,"texture":"#0","tintindex":0}}},{"from":[8.714286,8.142858,8.142858],"to":[7.285714,5.0,6.142857],"rotation":{"angle":0.0,"axis":"y","origin":[4.5714283,-1.1428576,7.142857]},"faces":{"east":{"uv":[16.0,15.5,15.5,16.0],"rotation":0,"texture":"#0","tintindex":0},"south":{"uv":[16.0,15.5,15.5,16.0],"rotation":0,"texture":"#0","tintindex":0},"north":{"uv":[16.0,15.5,15.5,16.0],"rotation":0,"texture":"#0","tintindex":0},"west":{"uv":[16.0,15.5,15.5,16.0],"rotation":0,"texture":"#0","tintindex":0},"up":{"uv":[16.0,15.5,15.5,16.0],"rotation":0,"texture":"#0","tintindex":0},"down":{"uv":[16.0,15.5,15.5,16.0],"rotation":0,"texture":"#0","tintindex":0}}},{"from":[8.428572,6.714286,7.4142857],"to":[9.857143,7.5714283,7.4142857],"rotation":{"angle":-45.0,"axis":"y","origin":[8.571428,8.0,7.428571]},"faces":{"east":{"uv":[16.0,15.5,15.5,16.0],"rotation":0,"texture":"#0","tintindex":0},"south":{"uv":[16.0,15.5,15.5,16.0],"rotation":0,"texture":"#0","tintindex":0},"north":{"uv":[16.0,15.0,15.5,15.5],"rotation":0,"texture":"#0","tintindex":0},"west":{"uv":[16.0,15.5,15.5,16.0],"rotation":0,"texture":"#0","tintindex":0},"up":{"uv":[16.0,15.5,15.5,16.0],"rotation":0,"texture":"#0","tintindex":0},"down":{"uv":[16.0,15.5,15.5,16.0],"rotation":0,"texture":"#0","tintindex":0}}},{"from":[7.428571,5.142857,6.285714],"to":[8.571428,8.0,8.0],"rotation":{"angle":0.0,"axis":"y","origin":[4.5714283,-1.1428576,7.142857]},"faces":{"east":{"uv":[12.0,2.0,13.5,4.5],"rotation":0,"texture":"#0","tintindex":0},"south":{"uv":[12.5,4.5,13.5,7.0],"rotation":0,"texture":"#0","tintindex":0},"north":{"uv":[6.5,11.5,7.5,14.0],"rotation":0,"texture":"#0","tintindex":0},"west":{"uv":[3.5,12.0,5.0,14.5],"rotation":0,"texture":"#0","tintindex":0},"up":{"uv":[3.0,12.0,2.0,10.5],"rotation":0,"texture":"#0","tintindex":0},"down":{"uv":[1.0,13.0,0.0,14.5],"rotation":0,"texture":"#0","tintindex":0}}},{"from":[8.571428,6.857143,7.428571],"to":[10.857143,8.0,7.428571],"rotation":{"angle":-45.0,"axis":"y","origin":[8.571428,8.0,7.428571]},"faces":{"east":{"uv":[0.0,0.0,0.0,1.0],"rotation":0,"texture":"#0","tintindex":0},"south":{"uv":[14.5,12.5,12.5,13.5],"rotation":0,"texture":"#0","tintindex":0},"north":{"uv":[12.5,12.5,14.5,13.5],"rotation":0,"texture":"#0","tintindex":0},"west":{"uv":[0.0,0.0,0.0,1.0],"rotation":0,"texture":"#0","tintindex":0},"up":{"uv":[2.0,0.0,0.0,0.0],"rotation":0,"texture":"#0","tintindex":0},"down":{"uv":[2.0,0.0,0.0,0.0],"rotation":0,"texture":"#0","tintindex":0}}}],"textures":{"0":"modelengine:entity/baby_giant"},"display":{"head":{"translation":[0.0,-6.4,0.0],"scale":[4.0,4.0,4.0]}}}