{"elements":[{"from":[6.5714283,8.0,6.857143],"to":[9.428572,10.857143,9.142858],"rotation":{"angle":0.0,"axis":"y","origin":[3.4285712,6.285714,3.4285712]},"faces":{"east":{"uv":[9.5,6.5,11.5,9.0],"rotation":0,"texture":"#0","tintindex":0},"south":{"uv":[8.0,0.0,10.5,2.5],"rotation":0,"texture":"#0","tintindex":0},"north":{"uv":[7.0,7.0,9.5,9.5],"rotation":0,"texture":"#0","tintindex":0},"west":{"uv":[7.0,9.5,9.0,12.0],"rotation":0,"texture":"#0","tintindex":0},"up":{"uv":[11.5,11.5,9.0,9.5],"rotation":0,"texture":"#0","tintindex":0},"down":{"uv":[2.5,10.5,0.0,12.5],"rotation":0,"texture":"#0","tintindex":0}}},{"from":[9.571428,11.0,9.285714],"to":[6.428571,7.857143,6.714286],"rotation":{"angle":0.0,"axis":"y","origin":[3.4285712,6.285714,3.4285712]},"faces":{"east":{"uv":[15.5,15.5,16.0,16.0],"rotation":0,"texture":"#0","tintindex":0},"south":{"uv":[15.5,15.5,16.0,16.0],"rotation":0,"texture":"#0","tintindex":0},"north":{"uv":[15.5,15.5,16.0,16.0],"rotation":0,"texture":"#0","tintindex":0},"west":{"uv":[15.5,15.5,16.0,16.0],"rotation":0,"texture":"#0","tintindex":0},"up":{"uv":[15.5,15.5,16.0,16.0],"rotation":0,"texture":"#0","tintindex":0},"down":{"uv":[15.5,15.5,16.0,16.0],"rotation":0,"texture":"#0","tintindex":0}}},{"from":[4.8571424,9.142858,8.571428],"to":[7.714286,9.142858,10.285714],"rotation":{"angle":22.5,"axis":"y","origin":[7.714286,10.286285,9.142858]},"faces":{"east":{"uv":[0.0,0.0,1.5,0.0],"rotation":0,"texture":"#0","tintindex":0},"south":{"uv":[0.0,0.0,2.5,0.0],"rotation":0,"texture":"#0","tintindex":0},"north":{"uv":[0.0,0.0,2.5,0.0],"rotation":0,"texture":"#0","tintindex":0},"west":{"uv":[0.0,0.0,1.5,0.0],"rotation":0,"texture":"#0","tintindex":0},"up":{"uv":[13.0,1.5,10.5,0.0],"rotation":0,"texture":"#0","tintindex":0},"down":{"uv":[13.0,0.0,10.5,1.5],"rotation":0,"texture":"#0","tintindex":0}}},{"from":[4.714286,9.1285715,8.428572],"to":[7.857143,9.1285715,9.285714],"rotation":{"angle":22.5,"axis":"y","origin":[7.714286,10.286285,9.142858]},"faces":{"east":{"uv":[15.5,15.5,16.0,16.0],"rotation":0,"texture":"#0","tintindex":0},"south":{"uv":[15.5,15.5,16.0,16.0],"rotation":0,"texture":"#0","tintindex":0},"north":{"uv":[15.5,15.5,16.0,16.0],"rotation":0,"texture":"#0","tintindex":0},"west":{"uv":[15.5,15.5,16.0,16.0],"rotation":0,"texture":"#0","tintindex":0},"up":{"uv":[15.5,15.5,16.0,16.0],"rotation":0,"texture":"#0","tintindex":0},"down":{"uv":[15.5,15.0,16.0,15.5],"rotation":0,"texture":"#0","tintindex":0}}},{"from":[5.285714,9.1285715,9.571428],"to":[7.857143,9.1285715,10.428572],"rotation":{"angle":22.5,"axis":"y","origin":[7.714286,10.286285,9.142858]},"faces":{"east":{"uv":[15.5,15.5,16.0,16.0],"rotation":0,"texture":"#0","tintindex":0},"south":{"uv":[15.5,15.5,16.0,16.0],"rotation":0,"texture":"#0","tintindex":0},"north":{"uv":[15.5,15.5,16.0,16.0],"rotation":0,"texture":"#0","tintindex":0},"west":{"uv":[15.5,15.5,16.0,16.0],"rotation":0,"texture":"#0","tintindex":0},"up":{"uv":[15.5,15.5,16.0,16.0],"rotation":0,"texture":"#0","tintindex":0},"down":{"uv":[15.5,15.0,16.0,15.5],"rotation":0,"texture":"#0","tintindex":0}}},{"from":[5.8571424,9.1285715,9.0],"to":[7.857143,9.1285715,9.857143],"rotation":{"angle":22.5,"axis":"y","origin":[7.714286,10.286285,9.142858]},"faces":{"east":{"uv":[15.5,15.5,16.0,16.0],"rotation":0,"texture":"#0","tintindex":0},"south":{"uv":[15.5,15.5,16.0,16.0],"rotation":0,"texture":"#0","tintindex":0},"north":{"uv":[15.5,15.5,16.0,16.0],"rotation":0,"texture":"#0","tintindex":0},"west":{"uv":[15.5,15.5,16.0,16.0],"rotation":0,"texture":"#0","tintindex":0},"up":{"uv":[15.5,15.5,16.0,16.0],"rotation":0,"texture":"#0","tintindex":0},"down":{"uv":[15.5,15.0,16.0,15.5],"rotation":0,"texture":"#0","tintindex":0}}},{"from":[5.8571424,9.157143,9.0],"to":[7.857143,9.157143,9.857143],"rotation":{"angle":22.5,"axis":"y","origin":[7.714286,2.2851424,9.142858]},"faces":{"east":{"uv":[15.5,16.0,16.0,15.5],"rotation":0,"texture":"#0","tintindex":0},"south":{"uv":[15.5,16.0,16.0,15.5],"rotation":0,"texture":"#0","tintindex":0},"north":{"uv":[15.5,16.0,16.0,15.5],"rotation":0,"texture":"#0","tintindex":0},"west":{"uv":[15.5,16.0,16.0,15.5],"rotation":0,"texture":"#0","tintindex":0},"up":{"uv":[15.5,15.5,16.0,15.0],"rotation":0,"texture":"#0","tintindex":0},"down":{"uv":[15.5,16.0,16.0,15.5],"rotation":0,"texture":"#0","tintindex":0}}},{"from":[4.714286,9.157143,8.428572],"to":[7.857143,9.157143,9.285714],"rotation":{"angle":22.5,"axis":"y","origin":[7.714286,2.2851424,9.142858]},"faces":{"east":{"uv":[15.5,16.0,16.0,15.5],"rotation":0,"texture":"#0","tintindex":0},"south":{"uv":[15.5,16.0,16.0,15.5],"rotation":0,"texture":"#0","tintindex":0},"north":{"uv":[15.5,16.0,16.0,15.5],"rotation":0,"texture":"#0","tintindex":0},"west":{"uv":[15.5,16.0,16.0,15.5],"rotation":0,"texture":"#0","tintindex":0},"up":{"uv":[15.5,15.5,16.0,15.0],"rotation":0,"texture":"#0","tintindex":0},"down":{"uv":[15.5,16.0,16.0,15.5],"rotation":0,"texture":"#0","tintindex":0}}},{"from":[5.285714,9.157143,9.571428],"to":[7.857143,9.157143,10.428572],"rotation":{"angle":22.5,"axis":"y","origin":[7.714286,2.2851424,9.142858]},"faces":{"east":{"uv":[15.5,16.0,16.0,15.5],"rotation":0,"texture":"#0","tintindex":0},"south":{"uv":[15.5,16.0,16.0,15.5],"rotation":0,"texture":"#0","tintindex":0},"north":{"uv":[15.5,16.0,16.0,15.5],"rotation":0,"texture":"#0","tintindex":0},"west":{"uv":[15.5,16.0,16.0,15.5],"rotation":0,"texture":"#0","tintindex":0},"up":{"uv":[15.5,15.5,16.0,15.0],"rotation":0,"texture":"#0","tintindex":0},"down":{"uv":[15.5,16.0,16.0,15.5],"rotation":0,"texture":"#0","tintindex":0}}},{"from":[4.285714,10.285714,9.142858],"to":[7.714286,10.285714,11.428572],"rotation":{"angle":-22.5,"axis":"y","origin":[7.714286,10.286285,9.142858]},"faces":{"east":{"uv":[0.0,0.0,2.0,0.0],"rotation":0,"texture":"#0","tintindex":0},"south":{"uv":[0.0,0.0,3.0,0.0],"rotation":0,"texture":"#0","tintindex":0},"north":{"uv":[0.0,0.0,3.0,0.0],"rotation":0,"texture":"#0","tintindex":0},"west":{"uv":[0.0,0.0,2.0,0.0],"rotation":0,"texture":"#0","tintindex":0},"up":{"uv":[11.0,6.5,8.0,4.5],"rotation":0,"texture":"#0","tintindex":0},"down":{"uv":[11.0,4.5,8.0,6.5],"rotation":0,"texture":"#0","tintindex":0}}},{"from":[4.714286,10.271429,10.714286],"to":[7.285714,10.271429,11.571428],"rotation":{"angle":-22.5,"axis":"y","origin":[7.714286,10.286285,9.142858]},"faces":{"east":{"uv":[15.5,15.5,16.0,16.0],"rotation":0,"texture":"#0","tintindex":0},"south":{"uv":[15.5,15.5,16.0,16.0],"rotation":0,"texture":"#0","tintindex":0},"north":{"uv":[15.5,15.5,16.0,16.0],"rotation":0,"texture":"#0","tintindex":0},"west":{"uv":[15.5,15.5,16.0,16.0],"rotation":0,"texture":"#0","tintindex":0},"up":{"uv":[15.5,15.5,16.0,16.0],"rotation":0,"texture":"#0","tintindex":0},"down":{"uv":[15.5,15.0,16.0,15.5],"rotation":0,"texture":"#0","tintindex":0}}},{"from":[5.285714,10.271429,10.142858],"to":[7.857143,10.271429,11.0],"rotation":{"angle":-22.5,"axis":"y","origin":[7.714286,10.286285,9.142858]},"faces":{"east":{"uv":[15.5,15.5,16.0,16.0],"rotation":0,"texture":"#0","tintindex":0},"south":{"uv":[15.5,15.5,16.0,16.0],"rotation":0,"texture":"#0","tintindex":0},"north":{"uv":[15.5,15.5,16.0,16.0],"rotation":0,"texture":"#0","tintindex":0},"west":{"uv":[15.5,15.5,16.0,16.0],"rotation":0,"texture":"#0","tintindex":0},"up":{"uv":[15.5,15.5,16.0,16.0],"rotation":0,"texture":"#0","tintindex":0},"down":{"uv":[15.5,15.0,16.0,15.5],"rotation":0,"texture":"#0","tintindex":0}}},{"from":[4.142857,10.271429,9.571428],"to":[7.857143,10.271429,10.428572],"rotation":{"angle":-22.5,"axis":"y","origin":[7.714286,10.286285,9.142858]},"faces":{"east":{"uv":[15.5,15.5,16.0,16.0],"rotation":0,"texture":"#0","tintindex":0},"south":{"uv":[15.5,15.5,16.0,16.0],"rotation":0,"texture":"#0","tintindex":0},"north":{"uv":[15.5,15.5,16.0,16.0],"rotation":0,"texture":"#0","tintindex":0},"west":{"uv":[15.5,15.5,16.0,16.0],"rotation":0,"texture":"#0","tintindex":0},"up":{"uv":[15.5,15.5,16.0,16.0],"rotation":0,"texture":"#0","tintindex":0},"down":{"uv":[15.5,15.0,16.0,15.5],"rotation":0,"texture":"#0","tintindex":0}}},{"from":[4.142857,10.271429,9.0],"to":[5.0,10.271429,9.857143],"rotation":{"angle":-22.5,"axis":"y","origin":[7.714286,10.286285,9.142858]},"faces":{"east":{"uv":[15.5,15.5,16.0,16.0],"rotation":0,"texture":"#0","tintindex":0},"south":{"uv":[15.5,15.5,16.0,16.0],"rotation":0,"texture":"#0","tintindex":0},"north":{"uv":[15.5,15.5,16.0,16.0],"rotation":0,"texture":"#0","tintindex":0},"west":{"uv":[15.5,15.5,16.0,16.0],"rotation":0,"texture":"#0","tintindex":0},"up":{"uv":[15.5,15.5,16.0,16.0],"rotation":0,"texture":"#0","tintindex":0},"down":{"uv":[15.5,15.0,16.0,15.5],"rotation":0,"texture":"#0","tintindex":0}}},{"from":[6.428571,10.271429,9.0],"to":[7.857143,10.271429,9.857143],"rotation":{"angle":-22.5,"axis":"y","origin":[7.714286,10.286285,9.142858]},"faces":{"east":{"uv":[15.5,15.5,16.0,16.0],"rotation":0,"texture":"#0","tintindex":0},"south":{"uv":[15.5,15.5,16.0,16.0],"rotation":0,"texture":"#0","tintindex":0},"north":{"uv":[15.5,15.5,16.0,16.0],"rotation":0,"texture":"#0","tintindex":0},"west":{"uv":[15.5,15.5,16.0,16.0],"rotation":0,"texture":"#0","tintindex":0},"up":{"uv":[15.5,15.5,16.0,16.0],"rotation":0,"texture":"#0","tintindex":0},"down":{"uv":[15.5,15.0,16.0,15.5],"rotation":0,"texture":"#0","tintindex":0}}},{"from":[6.428571,10.3,9.0],"to":[7.857143,10.3,9.857143],"rotation":{"angle":-22.5,"axis":"y","origin":[7.714286,2.2851424,9.142858]},"faces":{"east":{"uv":[15.5,16.0,16.0,15.5],"rotation":0,"texture":"#0","tintindex":0},"south":{"uv":[15.5,16.0,16.0,15.5],"rotation":0,"texture":"#0","tintindex":0},"north":{"uv":[15.5,16.0,16.0,15.5],"rotation":0,"texture":"#0","tintindex":0},"west":{"uv":[15.5,16.0,16.0,15.5],"rotation":0,"texture":"#0","tintindex":0},"up":{"uv":[15.5,15.5,16.0,15.0],"rotation":0,"texture":"#0","tintindex":0},"down":{"uv":[15.5,16.0,16.0,15.5],"rotation":0,"texture":"#0","tintindex":0}}},{"from":[4.142857,10.3,9.0],"to":[5.0,10.3,9.857143],"rotation":{"angle":-22.5,"axis":"y","origin":[7.714286,2.2851424,9.142858]},"faces":{"east":{"uv":[15.5,16.0,16.0,15.5],"rotation":0,"texture":"#0","tintindex":0},"south":{"uv":[15.5,16.0,16.0,15.5],"rotation":0,"texture":"#0","tintindex":0},"north":{"uv":[15.5,16.0,16.0,15.5],"rotation":0,"texture":"#0","tintindex":0},"west":{"uv":[15.5,16.0,16.0,15.5],"rotation":0,"texture":"#0","tintindex":0},"up":{"uv":[15.5,15.5,16.0,15.0],"rotation":0,"texture":"#0","tintindex":0},"down":{"uv":[15.5,16.0,16.0,15.5],"rotation":0,"texture":"#0","tintindex":0}}},{"from":[4.142857,10.3,9.571428],"to":[7.857143,10.3,10.428572],"rotation":{"angle":-22.5,"axis":"y","origin":[7.714286,2.2851424,9.142858]},"faces":{"east":{"uv":[15.5,16.0,16.0,15.5],"rotation":0,"texture":"#0","tintindex":0},"south":{"uv":[15.5,16.0,16.0,15.5],"rotation":0,"texture":"#0","tintindex":0},"north":{"uv":[15.5,16.0,16.0,15.5],"rotation":0,"texture":"#0","tintindex":0},"west":{"uv":[15.5,16.0,16.0,15.5],"rotation":0,"texture":"#0","tintindex":0},"up":{"uv":[15.5,15.5,16.0,15.0],"rotation":0,"texture":"#0","tintindex":0},"down":{"uv":[15.5,16.0,16.0,15.5],"rotation":0,"texture":"#0","tintindex":0}}},{"from":[5.285714,10.3,10.142858],"to":[7.857143,10.3,11.0],"rotation":{"angle":-22.5,"axis":"y","origin":[7.714286,2.2851424,9.142858]},"faces":{"east":{"uv":[15.5,16.0,16.0,15.5],"rotation":0,"texture":"#0","tintindex":0},"south":{"uv":[15.5,16.0,16.0,15.5],"rotation":0,"texture":"#0","tintindex":0},"north":{"uv":[15.5,16.0,16.0,15.5],"rotation":0,"texture":"#0","tintindex":0},"west":{"uv":[15.5,16.0,16.0,15.5],"rotation":0,"texture":"#0","tintindex":0},"up":{"uv":[15.5,15.5,16.0,15.0],"rotation":0,"texture":"#0","tintindex":0},"down":{"uv":[15.5,16.0,16.0,15.5],"rotation":0,"texture":"#0","tintindex":0}}},{"from":[4.714286,10.3,10.714286],"to":[7.285714,10.3,11.571428],"rotation":{"angle":-22.5,"axis":"y","origin":[7.714286,2.2851424,9.142858]},"faces":{"east":{"uv":[15.5,16.0,16.0,15.5],"rotation":0,"texture":"#0","tintindex":0},"south":{"uv":[15.5,16.0,16.0,15.5],"rotation":0,"texture":"#0","tintindex":0},"north":{"uv":[15.5,16.0,16.0,15.5],"rotation":0,"texture":"#0","tintindex":0},"west":{"uv":[15.5,16.0,16.0,15.5],"rotation":0,"texture":"#0","tintindex":0},"up":{"uv":[15.5,15.5,16.0,15.0],"rotation":0,"texture":"#0","tintindex":0},"down":{"uv":[15.5,16.0,16.0,15.5],"rotation":0,"texture":"#0","tintindex":0}}},{"from":[8.285714,9.142858,8.571428],"to":[11.142858,9.142858,10.285714],"rotation":{"angle":-22.5,"axis":"y","origin":[8.285714,10.286285,9.142858]},"faces":{"east":{"uv":[1.5,0.0,0.0,0.0],"rotation":0,"texture":"#0","tintindex":0},"south":{"uv":[2.5,0.0,0.0,0.0],"rotation":0,"texture":"#0","tintindex":0},"north":{"uv":[2.5,0.0,0.0,0.0],"rotation":0,"texture":"#0","tintindex":0},"west":{"uv":[1.5,0.0,0.0,0.0],"rotation":0,"texture":"#0","tintindex":0},"up":{"uv":[10.5,1.5,13.0,0.0],"rotation":0,"texture":"#0","tintindex":0},"down":{"uv":[10.5,0.0,13.0,1.5],"rotation":0,"texture":"#0","tintindex":0}}},{"from":[8.285714,10.285714,9.142858],"to":[11.714286,10.285714,11.428572],"rotation":{"angle":22.5,"axis":"y","origin":[8.285714,10.286285,9.142858]},"faces":{"east":{"uv":[2.0,0.0,0.0,0.0],"rotation":0,"texture":"#0","tintindex":0},"south":{"uv":[3.0,0.0,0.0,0.0],"rotation":0,"texture":"#0","tintindex":0},"north":{"uv":[3.0,0.0,0.0,0.0],"rotation":0,"texture":"#0","tintindex":0},"west":{"uv":[2.0,0.0,0.0,0.0],"rotation":0,"texture":"#0","tintindex":0},"up":{"uv":[8.0,6.5,11.0,4.5],"rotation":0,"texture":"#0","tintindex":0},"down":{"uv":[8.0,4.5,11.0,6.5],"rotation":0,"texture":"#0","tintindex":0}}},{"from":[8.142858,9.1285715,8.428572],"to":[11.285714,9.1285715,9.285714],"rotation":{"angle":-22.5,"axis":"y","origin":[8.285714,10.286285,9.142858]},"faces":{"east":{"uv":[16.0,15.5,15.5,16.0],"rotation":0,"texture":"#0","tintindex":0},"south":{"uv":[16.0,15.5,15.5,16.0],"rotation":0,"texture":"#0","tintindex":0},"north":{"uv":[16.0,15.5,15.5,16.0],"rotation":0,"texture":"#0","tintindex":0},"west":{"uv":[16.0,15.5,15.5,16.0],"rotation":0,"texture":"#0","tintindex":0},"up":{"uv":[16.0,15.5,15.5,16.0],"rotation":0,"texture":"#0","tintindex":0},"down":{"uv":[16.0,15.0,15.5,15.5],"rotation":0,"texture":"#0","tintindex":0}}},{"from":[8.142858,9.1285715,9.571428],"to":[10.714286,9.1285715,10.428572],"rotation":{"angle":-22.5,"axis":"y","origin":[8.285714,10.286285,9.142858]},"faces":{"east":{"uv":[16.0,15.5,15.5,16.0],"rotation":0,"texture":"#0","tintindex":0},"south":{"uv":[16.0,15.5,15.5,16.0],"rotation":0,"texture":"#0","tintindex":0},"north":{"uv":[16.0,15.5,15.5,16.0],"rotation":0,"texture":"#0","tintindex":0},"west":{"uv":[16.0,15.5,15.5,16.0],"rotation":0,"texture":"#0","tintindex":0},"up":{"uv":[16.0,15.5,15.5,16.0],"rotation":0,"texture":"#0","tintindex":0},"down":{"uv":[16.0,15.0,15.5,15.5],"rotation":0,"texture":"#0","tintindex":0}}},{"from":[8.142858,9.1285715,9.0],"to":[10.142858,9.1285715,9.857143],"rotation":{"angle":-22.5,"axis":"y","origin":[8.285714,10.286285,9.142858]},"faces":{"east":{"uv":[16.0,15.5,15.5,16.0],"rotation":0,"texture":"#0","tintindex":0},"south":{"uv":[16.0,15.5,15.5,16.0],"rotation":0,"texture":"#0","tintindex":0},"north":{"uv":[16.0,15.5,15.5,16.0],"rotation":0,"texture":"#0","tintindex":0},"west":{"uv":[16.0,15.5,15.5,16.0],"rotation":0,"texture":"#0","tintindex":0},"up":{"uv":[16.0,15.5,15.5,16.0],"rotation":0,"texture":"#0","tintindex":0},"down":{"uv":[16.0,15.0,15.5,15.5],"rotation":0,"texture":"#0","tintindex":0}}},{"from":[8.142858,9.157143,9.571428],"to":[10.714286,9.157143,10.428572],"rotation":{"angle":-22.5,"axis":"y","origin":[8.285714,2.2851424,9.142858]},"faces":{"east":{"uv":[16.0,16.0,15.5,15.5],"rotation":0,"texture":"#0","tintindex":0},"south":{"uv":[16.0,16.0,15.5,15.5],"rotation":0,"texture":"#0","tintindex":0},"north":{"uv":[16.0,16.0,15.5,15.5],"rotation":0,"texture":"#0","tintindex":0},"west":{"uv":[16.0,16.0,15.5,15.5],"rotation":0,"texture":"#0","tintindex":0},"up":{"uv":[16.0,15.5,15.5,15.0],"rotation":0,"texture":"#0","tintindex":0},"down":{"uv":[16.0,16.0,15.5,15.5],"rotation":0,"texture":"#0","tintindex":0}}},{"from":[8.142858,9.157143,8.428572],"to":[11.285714,9.157143,9.285714],"rotation":{"angle":-22.5,"axis":"y","origin":[8.285714,2.2851424,9.142858]},"faces":{"east":{"uv":[16.0,16.0,15.5,15.5],"rotation":0,"texture":"#0","tintindex":0},"south":{"uv":[16.0,16.0,15.5,15.5],"rotation":0,"texture":"#0","tintindex":0},"north":{"uv":[16.0,16.0,15.5,15.5],"rotation":0,"texture":"#0","tintindex":0},"west":{"uv":[16.0,16.0,15.5,15.5],"rotation":0,"texture":"#0","tintindex":0},"up":{"uv":[16.0,15.5,15.5,15.0],"rotation":0,"texture":"#0","tintindex":0},"down":{"uv":[16.0,16.0,15.5,15.5],"rotation":0,"texture":"#0","tintindex":0}}},{"from":[8.142858,9.157143,9.0],"to":[10.142858,9.157143,9.857143],"rotation":{"angle":-22.5,"axis":"y","origin":[8.285714,2.2851424,9.142858]},"faces":{"east":{"uv":[16.0,16.0,15.5,15.5],"rotation":0,"texture":"#0","tintindex":0},"south":{"uv":[16.0,16.0,15.5,15.5],"rotation":0,"texture":"#0","tintindex":0},"north":{"uv":[16.0,16.0,15.5,15.5],"rotation":0,"texture":"#0","tintindex":0},"west":{"uv":[16.0,16.0,15.5,15.5],"rotation":0,"texture":"#0","tintindex":0},"up":{"uv":[16.0,15.5,15.5,15.0],"rotation":0,"texture":"#0","tintindex":0},"down":{"uv":[16.0,16.0,15.5,15.5],"rotation":0,"texture":"#0","tintindex":0}}},{"from":[8.714286,10.271429,10.714286],"to":[11.285714,10.271429,11.571428],"rotation":{"angle":22.5,"axis":"y","origin":[8.285714,10.286285,9.142858]},"faces":{"east":{"uv":[16.0,15.5,15.5,16.0],"rotation":0,"texture":"#0","tintindex":0},"south":{"uv":[16.0,15.5,15.5,16.0],"rotation":0,"texture":"#0","tintindex":0},"north":{"uv":[16.0,15.5,15.5,16.0],"rotation":0,"texture":"#0","tintindex":0},"west":{"uv":[16.0,15.5,15.5,16.0],"rotation":0,"texture":"#0","tintindex":0},"up":{"uv":[16.0,15.5,15.5,16.0],"rotation":0,"texture":"#0","tintindex":0},"down":{"uv":[16.0,15.0,15.5,15.5],"rotation":0,"texture":"#0","tintindex":0}}},{"from":[8.142858,10.271429,10.142858],"to":[10.714286,10.271429,11.0],"rotation":{"angle":22.5,"axis":"y","origin":[8.285714,10.286285,9.142858]},"faces":{"east":{"uv":[16.0,15.5,15.5,16.0],"rotation":0,"texture":"#0","tintindex":0},"south":{"uv":[16.0,15.5,15.5,16.0],"rotation":0,"texture":"#0","tintindex":0},"north":{"uv":[16.0,15.5,15.5,16.0],"rotation":0,"texture":"#0","tintindex":0},"west":{"uv":[16.0,15.5,15.5,16.0],"rotation":0,"texture":"#0","tintindex":0},"up":{"uv":[16.0,15.5,15.5,16.0],"rotation":0,"texture":"#0","tintindex":0},"down":{"uv":[16.0,15.0,15.5,15.5],"rotation":0,"texture":"#0","tintindex":0}}},{"from":[8.142858,10.271429,9.571428],"to":[11.857143,10.271429,10.428572],"rotation":{"angle":22.5,"axis":"y","origin":[8.285714,10.286285,9.142858]},"faces":{"east":{"uv":[16.0,15.5,15.5,16.0],"rotation":0,"texture":"#0","tintindex":0},"south":{"uv":[16.0,15.5,15.5,16.0],"rotation":0,"texture":"#0","tintindex":0},"north":{"uv":[16.0,15.5,15.5,16.0],"rotation":0,"texture":"#0","tintindex":0},"west":{"uv":[16.0,15.5,15.5,16.0],"rotation":0,"texture":"#0","tintindex":0},"up":{"uv":[16.0,15.5,15.5,16.0],"rotation":0,"texture":"#0","tintindex":0},"down":{"uv":[16.0,15.0,15.5,15.5],"rotation":0,"texture":"#0","tintindex":0}}},{"from":[11.0,10.271429,9.0],"to":[11.857143,10.271429,9.857143],"rotation":{"angle":22.5,"axis":"y","origin":[8.285714,10.286285,9.142858]},"faces":{"east":{"uv":[16.0,15.5,15.5,16.0],"rotation":0,"texture":"#0","tintindex":0},"south":{"uv":[16.0,15.5,15.5,16.0],"rotation":0,"texture":"#0","tintindex":0},"north":{"uv":[16.0,15.5,15.5,16.0],"rotation":0,"texture":"#0","tintindex":0},"west":{"uv":[16.0,15.5,15.5,16.0],"rotation":0,"texture":"#0","tintindex":0},"up":{"uv":[16.0,15.5,15.5,16.0],"rotation":0,"texture":"#0","tintindex":0},"down":{"uv":[16.0,15.0,15.5,15.5],"rotation":0,"texture":"#0","tintindex":0}}},{"from":[8.142858,10.271429,9.0],"to":[9.571428,10.271429,9.857143],"rotation":{"angle":22.5,"axis":"y","origin":[8.285714,10.286285,9.142858]},"faces":{"east":{"uv":[16.0,15.5,15.5,16.0],"rotation":0,"texture":"#0","tintindex":0},"south":{"uv":[16.0,15.5,15.5,16.0],"rotation":0,"texture":"#0","tintindex":0},"north":{"uv":[16.0,15.5,15.5,16.0],"rotation":0,"texture":"#0","tintindex":0},"west":{"uv":[16.0,15.5,15.5,16.0],"rotation":0,"texture":"#0","tintindex":0},"up":{"uv":[16.0,15.5,15.5,16.0],"rotation":0,"texture":"#0","tintindex":0},"down":{"uv":[16.0,15.0,15.5,15.5],"rotation":0,"texture":"#0","tintindex":0}}},{"from":[8.714286,10.3,10.714286],"to":[11.285714,10.3,11.571428],"rotation":{"angle":22.5,"axis":"y","origin":[8.285714,2.2851424,9.142858]},"faces":{"east":{"uv":[16.0,16.0,15.5,15.5],"rotation":0,"texture":"#0","tintindex":0},"south":{"uv":[16.0,16.0,15.5,15.5],"rotation":0,"texture":"#0","tintindex":0},"north":{"uv":[16.0,16.0,15.5,15.5],"rotation":0,"texture":"#0","tintindex":0},"west":{"uv":[16.0,16.0,15.5,15.5],"rotation":0,"texture":"#0","tintindex":0},"up":{"uv":[16.0,15.5,15.5,15.0],"rotation":0,"texture":"#0","tintindex":0},"down":{"uv":[16.0,16.0,15.5,15.5],"rotation":0,"texture":"#0","tintindex":0}}},{"from":[8.142858,10.3,10.142858],"to":[10.714286,10.3,11.0],"rotation":{"angle":22.5,"axis":"y","origin":[8.285714,2.2851424,9.142858]},"faces":{"east":{"uv":[16.0,16.0,15.5,15.5],"rotation":0,"texture":"#0","tintindex":0},"south":{"uv":[16.0,16.0,15.5,15.5],"rotation":0,"texture":"#0","tintindex":0},"north":{"uv":[16.0,16.0,15.5,15.5],"rotation":0,"texture":"#0","tintindex":0},"west":{"uv":[16.0,16.0,15.5,15.5],"rotation":0,"texture":"#0","tintindex":0},"up":{"uv":[16.0,15.5,15.5,15.0],"rotation":0,"texture":"#0","tintindex":0},"down":{"uv":[16.0,16.0,15.5,15.5],"rotation":0,"texture":"#0","tintindex":0}}},{"from":[8.142858,10.3,9.571428],"to":[11.857143,10.3,10.428572],"rotation":{"angle":22.5,"axis":"y","origin":[8.285714,2.2851424,9.142858]},"faces":{"east":{"uv":[16.0,16.0,15.5,15.5],"rotation":0,"texture":"#0","tintindex":0},"south":{"uv":[16.0,16.0,15.5,15.5],"rotation":0,"texture":"#0","tintindex":0},"north":{"uv":[16.0,16.0,15.5,15.5],"rotation":0,"texture":"#0","tintindex":0},"west":{"uv":[16.0,16.0,15.5,15.5],"rotation":0,"texture":"#0","tintindex":0},"up":{"uv":[16.0,15.5,15.5,15.0],"rotation":0,"texture":"#0","tintindex":0},"down":{"uv":[16.0,16.0,15.5,15.5],"rotation":0,"texture":"#0","tintindex":0}}},{"from":[11.0,10.3,9.0],"to":[11.857143,10.3,9.857143],"rotation":{"angle":22.5,"axis":"y","origin":[8.285714,2.2851424,9.142858]},"faces":{"east":{"uv":[16.0,16.0,15.5,15.5],"rotation":0,"texture":"#0","tintindex":0},"south":{"uv":[16.0,16.0,15.5,15.5],"rotation":0,"texture":"#0","tintindex":0},"north":{"uv":[16.0,16.0,15.5,15.5],"rotation":0,"texture":"#0","tintindex":0},"west":{"uv":[16.0,16.0,15.5,15.5],"rotation":0,"texture":"#0","tintindex":0},"up":{"uv":[16.0,15.5,15.5,15.0],"rotation":0,"texture":"#0","tintindex":0},"down":{"uv":[16.0,16.0,15.5,15.5],"rotation":0,"texture":"#0","tintindex":0}}},{"from":[8.142858,10.3,9.0],"to":[9.571428,10.3,9.857143],"rotation":{"angle":22.5,"axis":"y","origin":[8.285714,2.2851424,9.142858]},"faces":{"east":{"uv":[16.0,16.0,15.5,15.5],"rotation":0,"texture":"#0","tintindex":0},"south":{"uv":[16.0,16.0,15.5,15.5],"rotation":0,"texture":"#0","tintindex":0},"north":{"uv":[16.0,16.0,15.5,15.5],"rotation":0,"texture":"#0","tintindex":0},"west":{"uv":[16.0,16.0,15.5,15.5],"rotation":0,"texture":"#0","tintindex":0},"up":{"uv":[16.0,15.5,15.5,15.0],"rotation":0,"texture":"#0","tintindex":0},"down":{"uv":[16.0,16.0,15.5,15.5],"rotation":0,"texture":"#0","tintindex":0}}}],"textures":{"0":"modelengine:entity/baby_shadow"},"display":{"head":{"translation":[0.0,-6.4,0.0],"scale":[4.0,4.0,4.0]}}}