{"elements":[{"from":[7.428571,5.142857,7.142857],"to":[8.571428,8.0,8.857143],"rotation":{"angle":0.0,"axis":"y","origin":[4.0,9.142858,7.714286]},"faces":{"east":{"uv":[5.5,7.0,6.25,8.25],"rotation":0,"texture":"#0","tintindex":0},"south":{"uv":[0.0,8.0,0.5,9.25],"rotation":0,"texture":"#0","tintindex":0},"north":{"uv":[7.75,7.25,8.25,8.5],"rotation":0,"texture":"#0","tintindex":0},"west":{"uv":[6.25,7.0,7.0,8.25],"rotation":0,"texture":"#0","tintindex":0},"up":{"uv":[8.75,8.75,8.25,8.0],"rotation":0,"texture":"#0","tintindex":0},"down":{"uv":[9.0,0.0,8.5,0.75],"rotation":0,"texture":"#0","tintindex":0}}}],"textures":{"0":"modelengine:entity/bulb_dripleaf"},"display":{"head":{"translation":[0.0,-6.4,0.0],"scale":[4.0,4.0,4.0]}}}