{"elements":[{"from":[5.7619047,7.142857,6.095238],"to":[8.047619,8.857143,8.380953],"rotation":{"angle":0.0,"axis":"y","origin":[17.190477,7.142857,6.095238]},"faces":{"east":{"uv":[1.5,10.0,2.5,10.75],"rotation":0,"texture":"#1","tintindex":0},"south":{"uv":[2.5,10.0,3.5,10.75],"rotation":0,"texture":"#1","tintindex":0},"north":{"uv":[10.0,1.0,11.0,1.75],"rotation":0,"texture":"#1","tintindex":0},"west":{"uv":[3.5,10.0,4.5,10.75],"rotation":0,"texture":"#1","tintindex":0},"up":{"uv":[2.0,10.0,1.0,9.0],"rotation":0,"texture":"#1","tintindex":0},"down":{"uv":[10.25,0.0,9.25,1.0],"rotation":0,"texture":"#1","tintindex":0}}},{"from":[-2.2380953,7.714286,6.6666665],"to":[6.904762,8.285714,9.523809],"rotation":{"angle":0.0,"axis":"y","origin":[17.190477,7.142857,6.095238]},"faces":{"east":{"uv":[5.25,7.5,6.5,7.75],"rotation":0,"texture":"#1","tintindex":0},"south":{"uv":[9.25,6.0,13.25,6.25],"rotation":0,"texture":"#1","tintindex":0},"north":{"uv":[9.25,5.75,13.25,6.0],"rotation":0,"texture":"#1","tintindex":0},"west":{"uv":[10.25,0.75,11.5,1.0],"rotation":0,"texture":"#1","tintindex":0},"up":{"uv":[4.0,1.25,0.0,0.0],"rotation":0,"texture":"#1","tintindex":0},"down":{"uv":[4.0,1.25,0.0,2.5],"rotation":0,"texture":"#1","tintindex":0}}},{"from":[-2.2380953,7.714286,9.523809],"to":[0.04761839,8.285714,11.238095],"rotation":{"angle":0.0,"axis":"y","origin":[17.190477,7.142857,6.095238]},"faces":{"east":{"uv":[2.75,7.25,3.5,7.5],"rotation":0,"texture":"#1","tintindex":0},"south":{"uv":[7.25,10.5,8.25,10.75],"rotation":0,"texture":"#1","tintindex":0},"north":{"uv":[10.25,5.5,11.25,5.75],"rotation":0,"texture":"#1","tintindex":0},"west":{"uv":[8.0,1.0,8.75,1.25],"rotation":0,"texture":"#1","tintindex":0},"up":{"uv":[11.0,9.25,10.0,8.5],"rotation":0,"texture":"#1","tintindex":0},"down":{"uv":[11.25,0.0,10.25,0.75],"rotation":0,"texture":"#1","tintindex":0}}}],"textures":{"1":"modelengine:entity/azriel_follower"},"display":{"head":{"translation":[0.0,-6.4,0.0],"scale":[4.0,4.0,4.0]}}}