{"elements":[{"from":[-15.6,8.0,-15.6],"to":[31.6,8.0,31.6],"rotation":{"angle":0.0,"axis":"y","origin":[-15.6,8.0,-15.6]},"faces":{"east":{"uv":[0.0,0.0,16.0,0.0],"rotation":0,"texture":"#0","tintindex":0},"south":{"uv":[0.0,0.0,16.0,0.0],"rotation":0,"texture":"#0","tintindex":0},"north":{"uv":[0.0,0.0,16.0,0.0],"rotation":0,"texture":"#0","tintindex":0},"west":{"uv":[0.0,0.0,16.0,0.0],"rotation":0,"texture":"#0","tintindex":0},"up":{"uv":[4.875,4.6875,0.625,0.4375],"rotation":0,"texture":"#0","tintindex":0},"down":{"uv":[0.75,0.6875,0.0,0.0],"rotation":0,"texture":"#0","tintindex":0}}}],"textures":{"0":"modelengine:entity/telegraph"},"display":{"head":{"translation":[0.0,-6.4,0.0],"scale":[4.0,4.0,4.0]}}}