{"elements":[{"from":[7.428571,6.285714,7.428571],"to":[8.571428,8.0,9.142858],"rotation":{"angle":0.0,"axis":"y","origin":[6.285714,11.428572,8.0]},"faces":{"east":{"uv":[5.5,8.25,6.25,9.0],"rotation":0,"texture":"#0","tintindex":0},"south":{"uv":[8.5,1.5,9.0,2.25],"rotation":0,"texture":"#0","tintindex":0},"north":{"uv":[8.5,0.75,9.0,1.5],"rotation":0,"texture":"#0","tintindex":0},"west":{"uv":[6.25,8.25,7.0,9.0],"rotation":0,"texture":"#0","tintindex":0},"up":{"uv":[9.0,3.0,8.5,2.25],"rotation":0,"texture":"#0","tintindex":0},"down":{"uv":[9.0,3.0,8.5,3.75],"rotation":0,"texture":"#0","tintindex":0}}}],"textures":{"0":"modelengine:entity/bulb_dripleaf"},"display":{"head":{"translation":[0.0,-6.4,0.0],"scale":[4.0,4.0,4.0]}}}