{"elements":[{"from":[5.714286,12.4833355,5.3061037],"to":[8.0,14.76905,7.0203896],"rotation":{"angle":-45.0,"axis":"x","origin":[6.857143,13.054764,4.7346754]},"faces":{"east":{"uv":[9.25,8.75,10.0,9.75],"rotation":0,"texture":"#1","tintindex":0},"south":{"uv":[6.25,8.75,7.25,9.75],"rotation":0,"texture":"#1","tintindex":0},"north":{"uv":[5.25,8.75,6.25,9.75],"rotation":0,"texture":"#1","tintindex":0},"west":{"uv":[9.5,4.75,10.25,5.75],"rotation":0,"texture":"#1","tintindex":0},"up":{"uv":[10.25,7.75,9.25,7.0],"rotation":0,"texture":"#1","tintindex":0},"down":{"uv":[10.75,2.75,9.75,3.5],"rotation":0,"texture":"#1","tintindex":0}}},{"from":[4.5714283,9.653821,4.8154454],"to":[9.142858,13.653821,7.6725883],"rotation":{"angle":-22.5,"axis":"x","origin":[8.0,11.653821,5.6725883]},"faces":{"east":{"uv":[6.5,6.0,7.75,7.75],"rotation":0,"texture":"#1","tintindex":0},"south":{"uv":[3.5,2.5,5.5,4.25],"rotation":0,"texture":"#1","tintindex":0},"north":{"uv":[1.5,2.5,3.5,4.25],"rotation":0,"texture":"#1","tintindex":0},"west":{"uv":[1.5,7.25,2.75,9.0],"rotation":0,"texture":"#1","tintindex":0},"up":{"uv":[7.5,4.75,5.5,3.5],"rotation":0,"texture":"#1","tintindex":0},"down":{"uv":[7.5,4.75,5.5,6.0],"rotation":0,"texture":"#1","tintindex":0}}},{"from":[5.714286,8.285714,6.5714283],"to":[8.0,10.571428,8.285714],"rotation":{"angle":0.0,"axis":"y","origin":[8.0,8.571428,6.285714]},"faces":{"east":{"uv":[9.75,3.5,10.5,4.5],"rotation":0,"texture":"#1","tintindex":0},"south":{"uv":[8.75,7.75,9.75,8.75],"rotation":0,"texture":"#1","tintindex":0},"north":{"uv":[7.25,8.75,8.25,9.75],"rotation":0,"texture":"#1","tintindex":0},"west":{"uv":[5.0,9.75,5.75,10.75],"rotation":0,"texture":"#1","tintindex":0},"up":{"uv":[6.75,10.5,5.75,9.75],"rotation":0,"texture":"#1","tintindex":0},"down":{"uv":[7.75,9.75,6.75,10.5],"rotation":0,"texture":"#1","tintindex":0}}},{"from":[4.5714283,6.0,5.428571],"to":[9.142858,8.285714,8.285714],"rotation":{"angle":0.0,"axis":"y","origin":[8.0,8.571428,6.285714]},"faces":{"east":{"uv":[8.0,0.0,9.25,1.0],"rotation":0,"texture":"#1","tintindex":0},"south":{"uv":[5.25,7.75,7.25,8.75],"rotation":0,"texture":"#1","tintindex":0},"north":{"uv":[7.5,4.75,9.5,5.75],"rotation":0,"texture":"#1","tintindex":0},"west":{"uv":[8.75,1.0,10.0,2.0],"rotation":0,"texture":"#1","tintindex":0},"up":{"uv":[8.0,1.25,6.0,0.0],"rotation":0,"texture":"#1","tintindex":0},"down":{"uv":[3.5,6.0,1.5,7.25],"rotation":0,"texture":"#1","tintindex":0}}}],"textures":{"1":"modelengine:entity/azriel_follower"},"display":{"head":{"translation":[0.0,-6.4,0.0],"scale":[4.0,4.0,4.0]}}}