{"elements":[{"from":[6.285714,7.9812407,4.74721],"to":[9.714286,10.266954,8.175781],"rotation":{"angle":0.0,"axis":"y","origin":[8.0,2.8383832,6.461496]},"faces":{"east":{"uv":[7.75,6.75,9.25,7.75],"rotation":0,"texture":"#1","tintindex":0},"south":{"uv":[7.25,7.75,8.75,8.75],"rotation":0,"texture":"#1","tintindex":0},"north":{"uv":[7.75,5.75,9.25,6.75],"rotation":0,"texture":"#1","tintindex":0},"west":{"uv":[0.0,8.0,1.5,9.0],"rotation":0,"texture":"#1","tintindex":0},"up":{"uv":[5.0,7.5,3.5,6.0],"rotation":0,"texture":"#1","tintindex":0},"down":{"uv":[6.5,6.0,5.0,7.5],"rotation":0,"texture":"#1","tintindex":0}}},{"from":[6.857143,7.428571,4.8571424],"to":[9.142858,8.571428,6.5714283],"rotation":{"angle":-22.5,"axis":"x","origin":[7.428571,8.0,6.285714]},"faces":{"east":{"uv":[0.0,10.5,0.75,11.0],"rotation":0,"texture":"#1","tintindex":0},"south":{"uv":[10.25,1.75,11.25,2.25],"rotation":0,"texture":"#1","tintindex":0},"north":{"uv":[10.0,9.25,11.0,9.75],"rotation":0,"texture":"#1","tintindex":0},"west":{"uv":[0.75,10.5,1.5,11.0],"rotation":0,"texture":"#1","tintindex":0},"up":{"uv":[3.0,10.0,2.0,9.25],"rotation":0,"texture":"#1","tintindex":0},"down":{"uv":[4.0,9.25,3.0,10.0],"rotation":0,"texture":"#1","tintindex":0}}}],"textures":{"1":"modelengine:entity/azriel_follower"},"display":{"head":{"translation":[0.0,-6.4,0.0],"scale":[4.0,4.0,4.0]}}}