{"elements":[{"from":[6.857143,9.285714,4.5714283],"to":[9.714286,11.0,8.0],"rotation":{"angle":45.0,"axis":"x","origin":[8.285714,8.428572,5.142857]},"faces":{"east":{"uv":[11.75,11.5,13.25,12.25],"rotation":0,"texture":"#0","tintindex":0},"south":{"uv":[13.25,9.75,14.5,10.5],"rotation":0,"texture":"#0","tintindex":0},"north":{"uv":[13.25,9.0,14.5,9.75],"rotation":0,"texture":"#0","tintindex":0},"west":{"uv":[10.5,12.25,12.0,13.0],"rotation":0,"texture":"#0","tintindex":0},"up":{"uv":[11.75,10.5,10.5,9.0],"rotation":0,"texture":"#0","tintindex":0},"down":{"uv":[11.75,10.5,10.5,12.0],"rotation":0,"texture":"#0","tintindex":0}}},{"from":[6.5714283,9.285714,3.4285712],"to":[10.0,11.0,6.285714],"rotation":{"angle":0.0,"axis":"y","origin":[26.57143,7.5714283,21.714287]},"faces":{"east":{"uv":[13.25,10.5,14.5,11.25],"rotation":0,"texture":"#0","tintindex":0},"south":{"uv":[10.5,13.0,12.0,13.75],"rotation":0,"texture":"#0","tintindex":0},"north":{"uv":[12.0,12.25,13.5,13.0],"rotation":0,"texture":"#0","tintindex":0},"west":{"uv":[13.25,11.25,14.5,12.0],"rotation":0,"texture":"#0","tintindex":0},"up":{"uv":[13.25,10.25,11.75,9.0],"rotation":0,"texture":"#0","tintindex":0},"down":{"uv":[13.25,10.25,11.75,11.5],"rotation":0,"texture":"#0","tintindex":0}}},{"from":[7.142857,7.5714283,4.0],"to":[9.428572,9.285714,6.285714],"rotation":{"angle":0.0,"axis":"y","origin":[26.57143,6.428571,20.57143]},"faces":{"east":{"uv":[10.0,13.75,11.0,14.5],"rotation":0,"texture":"#0","tintindex":0},"south":{"uv":[11.0,13.75,12.0,14.5],"rotation":0,"texture":"#0","tintindex":0},"north":{"uv":[13.5,12.0,14.5,12.75],"rotation":0,"texture":"#0","tintindex":0},"west":{"uv":[12.0,14.0,13.0,14.75],"rotation":0,"texture":"#0","tintindex":0},"up":{"uv":[13.0,14.0,12.0,13.0],"rotation":0,"texture":"#0","tintindex":0},"down":{"uv":[14.0,13.0,13.0,14.0],"rotation":0,"texture":"#0","tintindex":0}}},{"from":[6.285714,10.285714,4.5714283],"to":[7.428571,11.428572,5.714286],"rotation":{"angle":-22.5,"axis":"y","origin":[6.857143,10.857143,5.142857]},"faces":{"east":{"uv":[14.5,0.0,15.0,0.5],"rotation":0,"texture":"#0","tintindex":0},"south":{"uv":[14.5,0.5,15.0,1.0],"rotation":0,"texture":"#0","tintindex":0},"north":{"uv":[14.0,14.25,14.5,14.75],"rotation":0,"texture":"#0","tintindex":0},"west":{"uv":[14.5,1.0,15.0,1.5],"rotation":0,"texture":"#0","tintindex":0},"up":{"uv":[15.0,2.0,14.5,1.5],"rotation":0,"texture":"#0","tintindex":0},"down":{"uv":[15.0,2.0,14.5,2.5],"rotation":0,"texture":"#0","tintindex":0}}},{"from":[9.142858,10.285714,4.5714283],"to":[10.285714,11.428572,5.714286],"rotation":{"angle":22.5,"axis":"y","origin":[9.714286,10.857143,5.142857]},"faces":{"east":{"uv":[14.5,3.0,15.0,3.5],"rotation":0,"texture":"#0","tintindex":0},"south":{"uv":[14.5,3.5,15.0,4.0],"rotation":0,"texture":"#0","tintindex":0},"north":{"uv":[14.5,2.5,15.0,3.0],"rotation":0,"texture":"#0","tintindex":0},"west":{"uv":[14.5,4.0,15.0,4.5],"rotation":0,"texture":"#0","tintindex":0},"up":{"uv":[15.0,5.0,14.5,4.5],"rotation":0,"texture":"#0","tintindex":0},"down":{"uv":[15.0,5.0,14.5,5.5],"rotation":0,"texture":"#0","tintindex":0}}}],"textures":{"0":"modelengine:entity/bufo_bufo_youngling"},"display":{"head":{"translation":[0.0,-6.4,0.0],"scale":[4.0,4.0,4.0]}}}