{
	"credit": "Made with Blockbench",
	"textures": {
		"1": "littleroom_incubator:cards/lrd_cow_card",
		"particle": "Desktop/lrd_card_template"
	},
	"elements": [
		{
			"from": [6, 0, 7.9],
			"to": [11, 7, 8],
			"faces": {
				"north": {"uv": [0, 0, 5, 7], "texture": "#1"},
				"east": {"uv": [0, 7, 0.5, 14], "texture": "#1"},
				"south": {"uv": [5, 0, 10, 7], "texture": "#1"},
				"west": {"uv": [1, 7, 1.5, 14], "texture": "#1"},
				"up": {"uv": [7, 7.5, 2, 7], "texture": "#1"},
				"down": {"uv": [12, 7, 7, 7.5], "texture": "#1"}
			}
		}
	],
	"gui_light": "front",
	"display": {
		"thirdperson_righthand": {
			"rotation": [0, 156, 0],
			"translation": [-1.75, 7.5, 1.5]
		},
		"thirdperson_lefthand": {
			"rotation": [0, 156, 0],
			"translation": [-1.75, 7.5, 1.5]
		},
		"firstperson_righthand": {
			"rotation": [0, 156, 0],
			"translation": [-0.5, 8, 1.5]
		},
		"firstperson_lefthand": {
			"rotation": [0, 156, 0],
			"translation": [-1.5, 8, 1.5]
		},
		"ground": {
			"rotation": [18, 0, 0],
			"translation": [0, 7, 0]
		},
		"gui": {
			"rotation": [-17, 156, 11],
			"translation": [2.75, 8.5, 0],
			"scale": [2, 2, 2]
		},
		"fixed": {
			"translation": [0, 5, 1]
		}
	}
}