{"elements":[{"from":[7.6,-7.6000004,5.6001244],"to":[8.4,16.8,10.400125],"rotation":{"angle":0.0,"axis":"y","origin":[8.0,-3.2000008,8.000125]},"faces":{"east":{"uv":[3.0,0.0,1.5,7.625],"rotation":0,"texture":"#1","tintindex":0},"south":{"uv":[3.25,3.25,3.5,10.875],"rotation":0,"texture":"#1","tintindex":0},"north":{"uv":[3.0,3.25,3.25,10.875],"rotation":0,"texture":"#1","tintindex":0},"west":{"uv":[1.5,0.0,3.0,7.625],"rotation":0,"texture":"#1","tintindex":0},"up":{"uv":[3.0,9.125,2.75,7.625],"rotation":0,"texture":"#1","tintindex":0},"down":{"uv":[6.25,7.75,6.0,9.25],"rotation":0,"texture":"#1","tintindex":0}}},{"from":[6.0,16.8,6.0001245],"to":[10.0,20.8,10.000125],"rotation":{"angle":-45.0,"axis":"x","origin":[8.0,18.8,8.000125]},"faces":{"east":{"uv":[6.25,3.75,5.0,5.0],"rotation":0,"texture":"#1","tintindex":0},"south":{"uv":[5.0,2.5,6.25,3.75],"rotation":0,"texture":"#1","tintindex":0},"north":{"uv":[4.5,0.0,5.75,1.25],"rotation":0,"texture":"#1","tintindex":0},"west":{"uv":[5.0,3.75,6.25,5.0],"rotation":0,"texture":"#1","tintindex":0},"up":{"uv":[6.25,6.25,5.0,5.0],"rotation":0,"texture":"#1","tintindex":0},"down":{"uv":[4.75,5.5,3.5,6.75],"rotation":0,"texture":"#1","tintindex":0}}},{"from":[6.8,11.999999,6.800124],"to":[9.2,16.8,10.000125],"rotation":{"angle":-45.0,"axis":"x","origin":[8.0,18.8,8.000125]},"faces":{"east":{"uv":[7.25,1.5,6.25,3.0],"rotation":0,"texture":"#1","tintindex":0},"south":{"uv":[5.5,6.25,6.25,7.75],"rotation":0,"texture":"#1","tintindex":0},"north":{"uv":[4.75,6.25,5.5,7.75],"rotation":0,"texture":"#1","tintindex":0},"west":{"uv":[6.25,1.5,7.25,3.0],"rotation":0,"texture":"#1","tintindex":0},"up":{"uv":[7.5,8.375,6.75,7.375],"rotation":0,"texture":"#1","tintindex":0},"down":{"uv":[8.25,7.375,7.5,8.375],"rotation":0,"texture":"#1","tintindex":0}}},{"from":[6.4,19.599998,6.0001245],"to":[9.6,22.4,10.000125],"rotation":{"angle":0.0,"axis":"y","origin":[8.0,18.8,8.000125]},"faces":{"east":{"uv":[6.75,0.0,8.0,0.875],"rotation":0,"texture":"#1","tintindex":0},"south":{"uv":[7.25,4.625,8.25,5.5],"rotation":0,"texture":"#1","tintindex":0},"north":{"uv":[7.25,3.75,8.25,4.625],"rotation":0,"texture":"#1","tintindex":0},"west":{"uv":[6.75,5.5,8.0,6.375],"rotation":0,"texture":"#1","tintindex":0},"up":{"uv":[7.25,4.25,6.25,3.0],"rotation":0,"texture":"#1","tintindex":0},"down":{"uv":[7.25,4.25,6.25,5.5],"rotation":0,"texture":"#1","tintindex":0}}},{"from":[7.2,13.999998,10.000125],"to":[8.8,19.999998,11.200125],"rotation":{"angle":-45.0,"axis":"x","origin":[8.0,18.8,8.000125]},"faces":{"east":{"uv":[5.25,7.75,4.875,9.625],"rotation":0,"texture":"#1","tintindex":0},"south":{"uv":[7.25,1.875,7.75,3.75],"rotation":0,"texture":"#1","tintindex":0},"north":{"uv":[4.0,6.75,4.5,8.625],"rotation":0,"texture":"#1","tintindex":0},"west":{"uv":[4.875,7.75,5.25,9.625],"rotation":0,"texture":"#1","tintindex":0},"up":{"uv":[7.25,1.25,6.75,0.875],"rotation":0,"texture":"#1","tintindex":0},"down":{"uv":[8.5,0.0,8.0,0.375],"rotation":0,"texture":"#1","tintindex":0}}},{"from":[7.2,22.4,6.800124],"to":[8.8,29.599998,9.200125],"rotation":{"angle":0.0,"axis":"y","origin":[8.0,18.8,8.000125]},"faces":{"east":{"uv":[5.0,3.25,4.25,5.5],"rotation":0,"texture":"#1","tintindex":0},"south":{"uv":[3.5,6.75,4.0,9.0],"rotation":0,"texture":"#1","tintindex":0},"north":{"uv":[6.25,5.5,6.75,7.75],"rotation":0,"texture":"#1","tintindex":0},"west":{"uv":[4.25,3.25,5.0,5.5],"rotation":0,"texture":"#1","tintindex":0},"up":{"uv":[5.0,3.25,4.5,2.5],"rotation":0,"texture":"#1","tintindex":0},"down":{"uv":[6.25,1.5,5.75,2.25],"rotation":0,"texture":"#1","tintindex":0}}},{"from":[6.8,29.599998,6.4001245],"to":[9.2,32.0,9.600124],"rotation":{"angle":0.0,"axis":"y","origin":[8.0,18.8,8.000125]},"faces":{"east":{"uv":[2.0,7.625,1.0,8.375],"rotation":0,"texture":"#1","tintindex":0},"south":{"uv":[5.25,7.75,6.0,8.5],"rotation":0,"texture":"#1","tintindex":0},"north":{"uv":[7.75,2.875,8.5,3.625],"rotation":0,"texture":"#1","tintindex":0},"west":{"uv":[1.0,7.625,2.0,8.375],"rotation":0,"texture":"#1","tintindex":0},"up":{"uv":[2.75,8.625,2.0,7.625],"rotation":0,"texture":"#1","tintindex":0},"down":{"uv":[8.5,1.875,7.75,2.875],"rotation":0,"texture":"#1","tintindex":0}}},{"from":[7.6,-8.652924,6.447159],"to":[8.4,-5.2609224,9.839159],"rotation":{"angle":-45.0,"axis":"x","origin":[8.0,-7.452923,8.847158]},"faces":{"east":{"uv":[6.75,6.375,7.75,7.375],"rotation":0,"texture":"#1","tintindex":0},"south":{"uv":[6.25,7.75,6.5,8.75],"rotation":0,"texture":"#1","tintindex":0},"north":{"uv":[4.5,6.75,4.75,7.75],"rotation":0,"texture":"#1","tintindex":0},"west":{"uv":[7.25,0.875,8.25,1.875],"rotation":0,"texture":"#1","tintindex":0},"up":{"uv":[8.0,7.375,7.75,6.375],"rotation":0,"texture":"#1","tintindex":0},"down":{"uv":[6.75,7.75,6.5,8.75],"rotation":0,"texture":"#1","tintindex":0}}},{"from":[7.56,-10.0,5.6001244],"to":[7.56,-4.800001,10.400125],"rotation":{"angle":0.0,"axis":"y","origin":[8.0,-3.2000008,8.000125]},"faces":{"east":{"uv":[3.0,0.0,4.5,1.625],"rotation":0,"texture":"#1","tintindex":0},"south":{"uv":[0.0,0.0,0.0,1.625],"rotation":0,"texture":"#1","tintindex":0},"north":{"uv":[0.0,0.0,0.0,1.625],"rotation":0,"texture":"#1","tintindex":0},"west":{"uv":[3.0,1.625,4.5,3.25],"rotation":0,"texture":"#1","tintindex":0},"up":{"uv":[0.0,1.5,0.0,0.0],"rotation":0,"texture":"#1","tintindex":0},"down":{"uv":[0.0,0.0,0.0,1.5],"rotation":0,"texture":"#1","tintindex":0}}},{"from":[6.8,11.999999,6.0001245],"to":[9.2,16.8,9.200125],"rotation":{"angle":45.0,"axis":"x","origin":[8.0,18.8,8.000125]},"faces":{"east":{"uv":[6.25,1.5,7.25,3.0],"rotation":0,"texture":"#1","tintindex":0},"south":{"uv":[4.75,6.25,5.5,7.75],"rotation":0,"texture":"#1","tintindex":0},"north":{"uv":[5.5,6.25,6.25,7.75],"rotation":0,"texture":"#1","tintindex":0},"west":{"uv":[7.25,1.5,6.25,3.0],"rotation":0,"texture":"#1","tintindex":0},"up":{"uv":[6.75,7.375,7.5,8.375],"rotation":0,"texture":"#1","tintindex":0},"down":{"uv":[7.5,8.375,8.25,7.375],"rotation":0,"texture":"#1","tintindex":0}}},{"from":[7.2,13.999998,4.800124],"to":[8.8,19.999998,6.0001245],"rotation":{"angle":45.0,"axis":"x","origin":[8.0,18.8,8.000125]},"faces":{"east":{"uv":[4.875,7.75,5.25,9.625],"rotation":0,"texture":"#1","tintindex":0},"south":{"uv":[4.0,6.75,4.5,8.625],"rotation":0,"texture":"#1","tintindex":0},"north":{"uv":[7.25,1.875,7.75,3.75],"rotation":0,"texture":"#1","tintindex":0},"west":{"uv":[5.25,7.75,4.875,9.625],"rotation":0,"texture":"#1","tintindex":0},"up":{"uv":[6.75,0.875,7.25,1.25],"rotation":0,"texture":"#1","tintindex":0},"down":{"uv":[8.0,0.375,8.5,0.0],"rotation":0,"texture":"#1","tintindex":0}}},{"from":[8.44,-10.0,5.6001244],"to":[8.44,-4.800001,10.400125],"rotation":{"angle":0.0,"axis":"y","origin":[8.0,-3.2000008,8.000125]},"faces":{"east":{"uv":[4.5,1.625,3.0,3.25],"rotation":0,"texture":"#1","tintindex":0},"south":{"uv":[0.0,0.0,0.0,1.625],"rotation":0,"texture":"#1","tintindex":0},"north":{"uv":[0.0,0.0,0.0,1.625],"rotation":0,"texture":"#1","tintindex":0},"west":{"uv":[4.5,0.0,3.0,1.625],"rotation":0,"texture":"#1","tintindex":0},"up":{"uv":[0.0,1.5,0.0,0.0],"rotation":0,"texture":"#1","tintindex":0},"down":{"uv":[0.0,0.0,0.0,1.5],"rotation":0,"texture":"#1","tintindex":0}}}],"textures":{"1":"modelengine:entity/azriel_sword"},"display":{"head":{"translation":[0.0,38.175163,0.0],"scale":[4.0,4.0,4.0]}}}