{
	"credit": "Made with Blockbench",
	"texture_size": [64, 64],
	"textures": {
		"5": "modelengine:entity/bulb_dripleaf"
	},
	"elements": [
		{
			"from": [2, 1.91667, 2.98333],
			"to": [14, 9.91667, 12.98333],
			"rotation": {"angle": 0, "axis": "y", "origin": [8, 8.91667, 7.98333]},
			"faces": {
				"north": {"uv": [3, 5, 6, 7], "texture": "#5"},
				"east": {"uv": [6, 0, 8.5, 2], "texture": "#5"},
				"south": {"uv": [0, 6, 3, 8], "texture": "#5"},
				"west": {"uv": [6, 2, 8.5, 4], "texture": "#5"},
				"up": {"uv": [6, 2.5, 3, 0], "texture": "#5"},
				"down": {"uv": [6, 2.5, 3, 5], "texture": "#5"}
			}
		},
		{
			"from": [3, 5.91667, 1.98333],
			"to": [6, 8.91667, 2.98333],
			"rotation": {"angle": 0, "axis": "y", "origin": [8, 8.91667, 7.98333]},
			"faces": {
				"north": {"uv": [3, 8, 3.75, 8.75], "texture": "#5"},
				"east": {"uv": [3.75, 8.75, 4, 9.5], "texture": "#5"},
				"south": {"uv": [3.75, 8, 4.5, 8.75], "texture": "#5"},
				"west": {"uv": [4, 8.75, 4.25, 9.5], "texture": "#5"},
				"up": {"uv": [9.25, 7.25, 8.5, 7], "texture": "#5"},
				"down": {"uv": [9.5, 8, 8.75, 8.25], "texture": "#5"}
			}
		},
		{
			"from": [10, 5.91667, 1.98333],
			"to": [13, 8.91667, 2.98333],
			"rotation": {"angle": 0, "axis": "y", "origin": [8, 8.91667, 7.98333]},
			"faces": {
				"north": {"uv": [1.5, 8, 2.25, 8.75], "texture": "#5"},
				"east": {"uv": [7.5, 6, 7.75, 6.75], "texture": "#5"},
				"south": {"uv": [2.25, 8, 3, 8.75], "texture": "#5"},
				"west": {"uv": [3.5, 8.75, 3.75, 9.5], "texture": "#5"},
				"up": {"uv": [9.25, 4, 8.5, 3.75], "texture": "#5"},
				"down": {"uv": [9.25, 6.75, 8.5, 7], "texture": "#5"}
			}
		},
		{
			"from": [10, -0.08333, 6.98333],
			"to": [12, 2.91667, 9.98333],
			"rotation": {"angle": 0, "axis": "y", "origin": [8, 8.91667, 7.98333]},
			"faces": {
				"north": {"uv": [8.5, 0.75, 9, 1.5], "texture": "#5"},
				"east": {"uv": [5.5, 8.25, 6.25, 9], "texture": "#5"},
				"south": {"uv": [8.5, 1.5, 9, 2.25], "texture": "#5"},
				"west": {"uv": [6.25, 8.25, 7, 9], "texture": "#5"},
				"up": {"uv": [9, 3, 8.5, 2.25], "texture": "#5"},
				"down": {"uv": [9, 3, 8.5, 3.75], "texture": "#5"}
			}
		},
		{
			"from": [4, -0.08333, 6.98333],
			"to": [6, 2.91667, 9.98333],
			"rotation": {"angle": 0, "axis": "y", "origin": [8, 8.91667, 7.98333]},
			"faces": {
				"north": {"uv": [8.5, 6, 9, 6.75], "texture": "#5"},
				"east": {"uv": [7, 8.25, 7.75, 9], "texture": "#5"},
				"south": {"uv": [7.75, 8.5, 8.25, 9.25], "texture": "#5"},
				"west": {"uv": [8.25, 7.25, 9, 8], "texture": "#5"},
				"up": {"uv": [2, 9.5, 1.5, 8.75], "texture": "#5"},
				"down": {"uv": [2.5, 8.75, 2, 9.5], "texture": "#5"}
			}
		},
		{
			"from": [13, 1.91667, 6.98333],
			"to": [15, 6.91667, 9.98333],
			"rotation": {"angle": 0, "axis": "y", "origin": [7, 8.91667, 7.98333]},
			"faces": {
				"north": {"uv": [7.75, 7.25, 8.25, 8.5], "texture": "#5"},
				"east": {"uv": [5.5, 7, 6.25, 8.25], "texture": "#5"},
				"south": {"uv": [0, 8, 0.5, 9.25], "texture": "#5"},
				"west": {"uv": [6.25, 7, 7, 8.25], "texture": "#5"},
				"up": {"uv": [8.75, 8.75, 8.25, 8], "texture": "#5"},
				"down": {"uv": [9, 0, 8.5, 0.75], "texture": "#5"}
			}
		},
		{
			"from": [1, 1.91667, 6.98333],
			"to": [3, 6.91667, 9.98333],
			"rotation": {"angle": 0, "axis": "y", "origin": [9, 8.91667, 7.98333]},
			"faces": {
				"north": {"uv": [0.5, 8, 1, 9.25], "texture": "#5"},
				"east": {"uv": [7, 7, 7.75, 8.25], "texture": "#5"},
				"south": {"uv": [1, 8, 1.5, 9.25], "texture": "#5"},
				"west": {"uv": [7.75, 6, 8.5, 7.25], "texture": "#5"},
				"up": {"uv": [3, 9.5, 2.5, 8.75], "texture": "#5"},
				"down": {"uv": [3.5, 8.75, 3, 9.5], "texture": "#5"}
			}
		},
		{
			"from": [5, 8.91667, 7.98333],
			"to": [11, 13.91667, 7.98333],
			"rotation": {"angle": 45, "axis": "y", "origin": [8, 11.91667, 7.98333]},
			"faces": {
				"north": {"uv": [6, 6, 7.5, 7], "texture": "#5"},
				"east": {"uv": [0, 0, 0, 1], "texture": "#5"},
				"south": {"uv": [7.5, 6, 6, 7], "texture": "#5"},
				"west": {"uv": [0, 0, 0, 1], "texture": "#5"},
				"up": {"uv": [1.5, 0, 0, 0], "texture": "#5"},
				"down": {"uv": [1.5, 0, 0, 0], "texture": "#5"}
			}
		},
		{
			"from": [8, 8.91667, 4.98333],
			"to": [8, 13.91667, 10.98333],
			"rotation": {"angle": 45, "axis": "y", "origin": [8, 11.91667, 7.98333]},
			"faces": {
				"north": {"uv": [0, 0, 0, 1], "texture": "#5"},
				"east": {"uv": [6, 6, 7.5, 7], "texture": "#5"},
				"south": {"uv": [0, 0, 0, 1], "texture": "#5"},
				"west": {"uv": [7.5, 6, 6, 7], "texture": "#5"},
				"up": {"uv": [1.5, 0, 0, 0], "rotation": 270, "texture": "#5"},
				"down": {"uv": [1.5, 0, 0, 0], "rotation": 90, "texture": "#5"}
			}
		},
		{
			"from": [2, 13.91667, 0.98333],
			"to": [14, 13.91667, 12.98333],
			"rotation": {"angle": 0, "axis": "y", "origin": [8, 11.91667, 7.98333]},
			"faces": {
				"north": {"uv": [0, 0, 3, 0], "texture": "#5"},
				"east": {"uv": [0, 0, 3, 0], "texture": "#5"},
				"south": {"uv": [0, 0, 3, 0], "texture": "#5"},
				"west": {"uv": [0, 0, 3, 0], "texture": "#5"},
				"up": {"uv": [3, 3, 0, 0], "texture": "#5"},
				"down": {"uv": [3, 0, 0, 3], "texture": "#5"}
			}
		},
		{
			"from": [0.2936, 13.20985, 0.98333],
			"to": [2.2936, 13.20985, 12.98333],
			"rotation": {"angle": 45, "axis": "z", "origin": [1.2936, 13.20985, 6.98333]},
			"faces": {
				"north": {"uv": [0, 0, 0.5, 0], "texture": "#5"},
				"east": {"uv": [0, 0, 3, 0], "texture": "#5"},
				"south": {"uv": [0, 0, 0.5, 0], "texture": "#5"},
				"west": {"uv": [0, 0, 3, 0], "texture": "#5"},
				"up": {"uv": [5, 10, 4.5, 7], "texture": "#5"},
				"down": {"uv": [5, 7, 4.5, 10], "texture": "#5"}
			}
		},
		{
			"from": [13.7064, 13.20985, 0.98333],
			"to": [15.7064, 13.20985, 12.98333],
			"rotation": {"angle": -45, "axis": "z", "origin": [14.7064, 13.20985, 6.98333]},
			"faces": {
				"north": {"uv": [0.5, 0, 0, 0], "texture": "#5"},
				"east": {"uv": [3, 0, 0, 0], "texture": "#5"},
				"south": {"uv": [0.5, 0, 0, 0], "texture": "#5"},
				"west": {"uv": [3, 0, 0, 0], "texture": "#5"},
				"up": {"uv": [4.5, 10, 5, 7], "texture": "#5"},
				"down": {"uv": [4.5, 7, 5, 10], "texture": "#5"}
			}
		},
		{
			"from": [2, 9.67432, -1.2586],
			"to": [14, 9.67432, 2.7414],
			"rotation": {"angle": -45, "axis": "x", "origin": [8, 9.67432, -3.2586]},
			"faces": {
				"north": {"uv": [0, 0, 3, 0], "texture": "#5"},
				"east": {"uv": [0, 0, 1, 0], "texture": "#5"},
				"south": {"uv": [0, 0, 3, 0], "texture": "#5"},
				"west": {"uv": [0, 0, 1, 0], "texture": "#5"},
				"up": {"uv": [9, 5, 6, 4], "texture": "#5"},
				"down": {"uv": [9, 4, 6, 5], "texture": "#5"}
			}
		}
	],
	"gui_light": "front",
	"display": {
		"gui": {
			"rotation": [19, 180, 0],
			"translation": [0, -2.25, 0],
			"scale": [0.75, 0.75, 0.75]
		}
	},
	"groups": [
		{
			"name": "h_bulb",
			"origin": [8, 3.91667, 8.98333],
			"color": 0,
			"children": [
				0,
				1,
				2,
				{
					"name": "h_right_leg",
					"origin": [11, 2.91667, 7.98333],
					"color": 0,
					"children": [3]
				},
				{
					"name": "h_left_leg",
					"origin": [5, 2.91667, 7.98333],
					"color": 0,
					"children": [4]
				},
				{
					"name": "h_right_arm",
					"origin": [14, 6.91667, 8.48333],
					"color": 0,
					"children": [5]
				},
				{
					"name": "h_left_arm",
					"origin": [2, 6.91667, 8.48333],
					"color": 0,
					"children": [6]
				},
				{
					"name": "h_dripleaf",
					"origin": [8, 9.91667, 7.98333],
					"color": 0,
					"children": [7, 8, 9, 10, 11, 12]
				}
			]
		}
	]
}