{"elements":[{"from":[7.428571,6.285714,7.428571],"to":[8.571428,8.0,9.142858],"rotation":{"angle":0.0,"axis":"y","origin":[9.714286,11.428572,8.0]},"faces":{"east":{"uv":[7.5,10.5,8.25,11.25],"rotation":0,"texture":"#0","tintindex":0},"south":{"uv":[0.0,11.0,0.5,11.75],"rotation":0,"texture":"#0","tintindex":0},"north":{"uv":[10.5,10.75,11.0,11.5],"rotation":0,"texture":"#0","tintindex":0},"west":{"uv":[8.25,10.5,9.0,11.25],"rotation":0,"texture":"#0","tintindex":0},"up":{"uv":[1.0,11.75,0.5,11.0],"rotation":0,"texture":"#0","tintindex":0},"down":{"uv":[1.5,11.0,1.0,11.75],"rotation":0,"texture":"#0","tintindex":0}}}],"textures":{"0":"modelengine:entity/bulb_lilypad"},"display":{"head":{"translation":[0.0,-6.4,0.0],"scale":[4.0,4.0,4.0]}}}