{"elements":[{"from":[7.428571,5.142857,7.142857],"to":[8.571428,8.0,8.857143],"rotation":{"angle":0.0,"axis":"y","origin":[4.0,9.142858,7.714286]},"faces":{"east":{"uv":[2.0,9.75,2.75,11.0],"rotation":0,"texture":"#0","tintindex":0},"south":{"uv":[10.0,2.5,10.5,3.75],"rotation":0,"texture":"#0","tintindex":0},"north":{"uv":[10.0,1.25,10.5,2.5],"rotation":0,"texture":"#0","tintindex":0},"west":{"uv":[2.75,9.75,3.5,11.0],"rotation":0,"texture":"#0","tintindex":0},"up":{"uv":[9.5,11.25,9.0,10.5],"rotation":0,"texture":"#0","tintindex":0},"down":{"uv":[11.0,9.25,10.5,10.0],"rotation":0,"texture":"#0","tintindex":0}}}],"textures":{"0":"modelengine:entity/bulb_lilypad"},"display":{"head":{"translation":[0.0,-6.4,0.0],"scale":[4.0,4.0,4.0]}}}