{"elements":[{"from":[7.428571,6.285714,7.428571],"to":[8.571428,8.0,9.142858],"rotation":{"angle":0.0,"axis":"y","origin":[6.285714,11.428572,8.0]},"faces":{"east":{"uv":[6.0,10.5,6.75,11.25],"rotation":0,"texture":"#0","tintindex":0},"south":{"uv":[10.0,10.5,10.5,11.25],"rotation":0,"texture":"#0","tintindex":0},"north":{"uv":[9.5,10.5,10.0,11.25],"rotation":0,"texture":"#0","tintindex":0},"west":{"uv":[6.75,10.5,7.5,11.25],"rotation":0,"texture":"#0","tintindex":0},"up":{"uv":[11.0,10.75,10.5,10.0],"rotation":0,"texture":"#0","tintindex":0},"down":{"uv":[11.25,0.0,10.75,0.75],"rotation":0,"texture":"#0","tintindex":0}}}],"textures":{"0":"modelengine:entity/bulb_lilypad"},"display":{"head":{"translation":[0.0,-6.4,0.0],"scale":[4.0,4.0,4.0]}}}