{"elements":[{"from":[8.0,6.428571,7.714286],"to":[8.571428,7.5714283,8.285714],"rotation":{"angle":0.0,"axis":"y","origin":[7.857143,7.857143,8.0]},"faces":{"east":{"uv":[1.5,10.5,2.0,11.5],"rotation":0,"texture":"#0","tintindex":0},"south":{"uv":[2.0,10.5,2.5,11.5],"rotation":0,"texture":"#0","tintindex":0},"north":{"uv":[10.5,1.0,11.0,2.0],"rotation":0,"texture":"#0","tintindex":0},"west":{"uv":[10.5,2.0,11.0,3.0],"rotation":0,"texture":"#0","tintindex":0},"up":{"uv":[6.0,6.5,5.5,6.0],"rotation":0,"texture":"#0","tintindex":0},"down":{"uv":[7.5,9.0,7.0,9.5],"rotation":0,"texture":"#0","tintindex":0}}},{"from":[8.714286,7.714286,8.428572],"to":[7.857143,6.285714,7.5714283],"rotation":{"angle":0.0,"axis":"y","origin":[7.857143,7.857143,8.0]},"faces":{"east":{"uv":[15.5,15.5,16.0,16.0],"rotation":0,"texture":"#0","tintindex":0},"south":{"uv":[15.5,15.5,16.0,16.0],"rotation":0,"texture":"#0","tintindex":0},"north":{"uv":[15.5,15.5,16.0,16.0],"rotation":0,"texture":"#0","tintindex":0},"west":{"uv":[15.5,15.5,16.0,16.0],"rotation":0,"texture":"#0","tintindex":0},"up":{"uv":[15.5,15.5,16.0,16.0],"rotation":0,"texture":"#0","tintindex":0},"down":{"uv":[15.5,15.5,16.0,16.0],"rotation":0,"texture":"#0","tintindex":0}}},{"from":[7.857143,7.5714283,7.5714283],"to":[8.714286,8.428572,8.428572],"rotation":{"angle":0.0,"axis":"y","origin":[7.857143,7.857143,8.0]},"faces":{"east":{"uv":[11.0,1.5,11.5,2.0],"rotation":0,"texture":"#0","tintindex":0},"south":{"uv":[11.0,2.0,11.5,2.5],"rotation":0,"texture":"#0","tintindex":0},"north":{"uv":[1.0,11.0,1.5,11.5],"rotation":0,"texture":"#0","tintindex":0},"west":{"uv":[11.0,2.5,11.5,3.0],"rotation":0,"texture":"#0","tintindex":0},"up":{"uv":[11.5,3.5,11.0,3.0],"rotation":0,"texture":"#0","tintindex":0},"down":{"uv":[11.5,3.5,11.0,4.0],"rotation":0,"texture":"#0","tintindex":0}}},{"from":[8.857143,8.571428,8.571428],"to":[7.714286,7.428571,7.428571],"rotation":{"angle":0.0,"axis":"y","origin":[7.857143,7.857143,8.0]},"faces":{"east":{"uv":[15.5,15.5,16.0,16.0],"rotation":0,"texture":"#0","tintindex":0},"south":{"uv":[15.5,15.5,16.0,16.0],"rotation":0,"texture":"#0","tintindex":0},"north":{"uv":[15.5,15.5,16.0,16.0],"rotation":0,"texture":"#0","tintindex":0},"west":{"uv":[15.5,15.5,16.0,16.0],"rotation":0,"texture":"#0","tintindex":0},"up":{"uv":[15.5,15.5,16.0,16.0],"rotation":0,"texture":"#0","tintindex":0},"down":{"uv":[15.5,15.5,16.0,16.0],"rotation":0,"texture":"#0","tintindex":0}}}],"textures":{"0":"modelengine:entity/coily"},"display":{"head":{"translation":[0.0,-6.4,0.0],"scale":[4.0,4.0,4.0]}}}