{
	"credit": "Made with Blockbench",
	"texture_size": [32, 32],
	"textures": {
		"0": "modelengine:entity/gp2_goblin_torch"
	},
	"elements": [
		{
			"from": [6.5, 7, 6.5],
			"to": [9.5, 16, 9.5],
			"rotation": {"angle": 0, "axis": "y", "origin": [8.5, -3, 8.5]},
			"faces": {
				"north": {"uv": [0, 0, 1.5, 4.5], "texture": "#0"},
				"east": {"uv": [1.5, 0, 3, 4.5], "texture": "#0"},
				"south": {"uv": [3, 0, 4.5, 4.5], "texture": "#0"},
				"west": {"uv": [0, 4.5, 1.5, 9], "texture": "#0"},
				"up": {"uv": [8, 7.5, 6.5, 6], "texture": "#0"},
				"down": {"uv": [9, 0, 7.5, 1.5], "texture": "#0"}
			}
		},
		{
			"from": [7, -2, 7],
			"to": [9, 7, 9],
			"rotation": {"angle": 0, "axis": "y", "origin": [9, -12, 9]},
			"faces": {
				"north": {"uv": [4.5, 0, 5.5, 4.5], "texture": "#0"},
				"east": {"uv": [1.5, 4.5, 2.5, 9], "texture": "#0"},
				"south": {"uv": [2.5, 4.5, 3.5, 9], "texture": "#0"},
				"west": {"uv": [3.5, 4.5, 4.5, 9], "texture": "#0"},
				"up": {"uv": [1.5, 10, 0.5, 9], "texture": "#0"},
				"down": {"uv": [2.5, 9, 1.5, 10], "texture": "#0"}
			}
		},
		{
			"from": [7, 13.7891, 5.69657],
			"to": [9, 18.7891, 6.69657],
			"rotation": {"angle": -22.5, "axis": "x", "origin": [7.5, 15.7891, 6.19657]},
			"faces": {
				"north": {"uv": [4.5, 6.5, 5.5, 9], "texture": "#0"},
				"east": {"uv": [0, 9, 0.5, 11.5], "texture": "#0"},
				"south": {"uv": [5.5, 6.5, 6.5, 9], "texture": "#0"},
				"west": {"uv": [9, 0, 9.5, 2.5], "texture": "#0"},
				"up": {"uv": [6.5, 4.5, 5.5, 4], "texture": "#0"},
				"down": {"uv": [3.5, 9, 2.5, 9.5], "texture": "#0"}
			}
		},
		{
			"from": [6, 16, 6],
			"to": [10, 18, 10],
			"rotation": {"angle": 0, "axis": "y", "origin": [8, 17, 8]},
			"faces": {
				"north": {"uv": [7.5, 3, 9.5, 4], "texture": "#0"},
				"east": {"uv": [8, 6, 10, 7], "texture": "#0"},
				"south": {"uv": [8, 7, 10, 8], "texture": "#0"},
				"west": {"uv": [8, 8, 10, 9], "texture": "#0"},
				"up": {"uv": [6.5, 6.5, 4.5, 4.5], "texture": "#0"},
				"down": {"uv": [7.5, 0, 5.5, 2], "texture": "#0"}
			}
		},
		{
			"from": [6, 18, 6],
			"to": [6, 22, 10],
			"rotation": {"angle": 0, "axis": "y", "origin": [8, 19, 8]},
			"faces": {
				"north": {"uv": [0, 0, 0, 2], "texture": "#0"},
				"east": {"uv": [8.5, 4, 6.5, 6], "texture": "#0"},
				"south": {"uv": [0, 0, 0, 2], "texture": "#0"},
				"west": {"uv": [6.5, 4, 8.5, 6], "texture": "#0"},
				"up": {"uv": [0, 2, 0, 0], "texture": "#0"},
				"down": {"uv": [0, 0, 0, 2], "texture": "#0"}
			}
		},
		{
			"from": [5.23463, 21.84776, 6],
			"to": [5.23463, 23.84776, 10],
			"rotation": {"angle": 22.5, "axis": "z", "origin": [5.23463, 23.84776, 8]},
			"faces": {
				"north": {"uv": [0, 0, 0, 1], "texture": "#0"},
				"east": {"uv": [10.5, 5, 8.5, 6], "texture": "#0"},
				"south": {"uv": [0, 0, 0, 1], "texture": "#0"},
				"west": {"uv": [8.5, 5, 10.5, 6], "texture": "#0"},
				"up": {"uv": [0, 2, 0, 0], "texture": "#0"},
				"down": {"uv": [0, 0, 0, 2], "texture": "#0"}
			}
		},
		{
			"from": [6.5, 11.11418, 5.92597],
			"to": [9.5, 14.11418, 5.92597],
			"rotation": {"angle": 22.5, "axis": "x", "origin": [8, 12.61418, 5.92597]},
			"faces": {
				"north": {"uv": [7.5, 1.5, 9, 3], "texture": "#0"},
				"east": {"uv": [0, 0, 0, 1.5], "texture": "#0"},
				"south": {"uv": [9, 1.5, 7.5, 3], "texture": "#0"},
				"west": {"uv": [0, 0, 0, 1.5], "texture": "#0"},
				"up": {"uv": [1.5, 0, 0, 0], "texture": "#0"},
				"down": {"uv": [1.5, 0, 0, 0], "texture": "#0"}
			}
		},
		{
			"from": [7, 13.7891, 9.30343],
			"to": [9, 18.7891, 10.30343],
			"rotation": {"angle": 22.5, "axis": "x", "origin": [7.5, 15.7891, 9.80343]},
			"faces": {
				"north": {"uv": [6.5, 6.5, 5.5, 9], "texture": "#0"},
				"east": {"uv": [0.5, 9, 0, 11.5], "texture": "#0"},
				"south": {"uv": [5.5, 6.5, 4.5, 9], "texture": "#0"},
				"west": {"uv": [9.5, 0, 9, 2.5], "texture": "#0"},
				"up": {"uv": [6.5, 4, 5.5, 4.5], "texture": "#0"},
				"down": {"uv": [3.5, 9.5, 2.5, 9], "texture": "#0"}
			}
		},
		{
			"from": [5.65707, 14.51441, 7],
			"to": [6.65707, 19.51441, 9],
			"rotation": {"angle": 22.5, "axis": "z", "origin": [8, 16.25104, 8]},
			"faces": {
				"north": {"uv": [9.5, 0, 9, 2.5], "texture": "#0"},
				"east": {"uv": [6.5, 6.5, 5.5, 9], "texture": "#0"},
				"south": {"uv": [0.5, 9, 0, 11.5], "texture": "#0"},
				"west": {"uv": [5.5, 6.5, 4.5, 9], "texture": "#0"},
				"up": {"uv": [6.5, 4, 5.5, 4.5], "rotation": 90, "texture": "#0"},
				"down": {"uv": [3.5, 9.5, 2.5, 9], "rotation": 270, "texture": "#0"}
			}
		},
		{
			"from": [9.34293, 14.51441, 7],
			"to": [10.34293, 19.51441, 9],
			"rotation": {"angle": -22.5, "axis": "z", "origin": [8, 16.25104, 8]},
			"faces": {
				"north": {"uv": [9, 0, 9.5, 2.5], "texture": "#0"},
				"east": {"uv": [4.5, 6.5, 5.5, 9], "texture": "#0"},
				"south": {"uv": [0, 9, 0.5, 11.5], "texture": "#0"},
				"west": {"uv": [5.5, 6.5, 6.5, 9], "texture": "#0"},
				"up": {"uv": [6.5, 4.5, 5.5, 4], "rotation": 90, "texture": "#0"},
				"down": {"uv": [3.5, 9, 2.5, 9.5], "rotation": 270, "texture": "#0"}
			}
		},
		{
			"from": [10.76537, 21.84776, 6],
			"to": [10.76537, 23.84776, 10],
			"rotation": {"angle": -22.5, "axis": "z", "origin": [10.76537, 23.84776, 8]},
			"faces": {
				"north": {"uv": [0, 0, 0, 1], "texture": "#0"},
				"east": {"uv": [10.5, 5, 8.5, 6], "texture": "#0"},
				"south": {"uv": [0, 0, 0, 1], "texture": "#0"},
				"west": {"uv": [8.5, 5, 10.5, 6], "texture": "#0"},
				"up": {"uv": [0, 2, 0, 0], "texture": "#0"},
				"down": {"uv": [0, 0, 0, 2], "texture": "#0"}
			}
		},
		{
			"from": [10, 18, 6],
			"to": [10, 22, 10],
			"rotation": {"angle": 0, "axis": "y", "origin": [8, 19, 8]},
			"faces": {
				"north": {"uv": [0, 0, 0, 2], "texture": "#0"},
				"east": {"uv": [8.5, 4, 6.5, 6], "texture": "#0"},
				"south": {"uv": [0, 0, 0, 2], "texture": "#0"},
				"west": {"uv": [6.5, 4, 8.5, 6], "texture": "#0"},
				"up": {"uv": [0, 2, 0, 0], "texture": "#0"},
				"down": {"uv": [0, 0, 0, 2], "texture": "#0"}
			}
		},
		{
			"from": [6, 21.84776, 5.23463],
			"to": [10, 23.84776, 5.23463],
			"rotation": {"angle": -22.5, "axis": "x", "origin": [8, 23.84776, 5.23463]},
			"faces": {
				"north": {"uv": [8.5, 5, 10.5, 6], "texture": "#0"},
				"east": {"uv": [0, 0, 0, 1], "texture": "#0"},
				"south": {"uv": [10.5, 5, 8.5, 6], "texture": "#0"},
				"west": {"uv": [0, 0, 0, 1], "texture": "#0"},
				"up": {"uv": [0, 2, 0, 0], "rotation": 90, "texture": "#0"},
				"down": {"uv": [0, 0, 0, 2], "rotation": 270, "texture": "#0"}
			}
		},
		{
			"from": [6, 18, 6],
			"to": [10, 22, 6],
			"rotation": {"angle": 0, "axis": "y", "origin": [8, 19, 8]},
			"faces": {
				"north": {"uv": [6.5, 4, 8.5, 6], "texture": "#0"},
				"east": {"uv": [0, 0, 0, 2], "texture": "#0"},
				"south": {"uv": [8.5, 4, 6.5, 6], "texture": "#0"},
				"west": {"uv": [0, 0, 0, 2], "texture": "#0"},
				"up": {"uv": [0, 2, 0, 0], "rotation": 90, "texture": "#0"},
				"down": {"uv": [0, 0, 0, 2], "rotation": 270, "texture": "#0"}
			}
		},
		{
			"from": [6, 21.84776, 10.76537],
			"to": [10, 23.84776, 10.76537],
			"rotation": {"angle": 22.5, "axis": "x", "origin": [8, 23.84776, 10.76537]},
			"faces": {
				"north": {"uv": [8.5, 5, 10.5, 6], "texture": "#0"},
				"east": {"uv": [0, 0, 0, 1], "texture": "#0"},
				"south": {"uv": [10.5, 5, 8.5, 6], "texture": "#0"},
				"west": {"uv": [0, 0, 0, 1], "texture": "#0"},
				"up": {"uv": [0, 2, 0, 0], "rotation": 90, "texture": "#0"},
				"down": {"uv": [0, 0, 0, 2], "rotation": 270, "texture": "#0"}
			}
		},
		{
			"from": [6, 18, 10],
			"to": [10, 22, 10],
			"rotation": {"angle": 0, "axis": "y", "origin": [8, 19, 8]},
			"faces": {
				"north": {"uv": [6.5, 4, 8.5, 6], "texture": "#0"},
				"east": {"uv": [0, 0, 0, 2], "texture": "#0"},
				"south": {"uv": [8.5, 4, 6.5, 6], "texture": "#0"},
				"west": {"uv": [0, 0, 0, 2], "texture": "#0"},
				"up": {"uv": [0, 2, 0, 0], "rotation": 90, "texture": "#0"},
				"down": {"uv": [0, 0, 0, 2], "rotation": 270, "texture": "#0"}
			}
		}
	],
	"gui_light": "front",
	"display": {
		"thirdperson_righthand": {
			"translation": [0, 2.5, 1.5],
			"scale": [0.5, 0.5, 0.5]
		},
		"thirdperson_lefthand": {
			"translation": [0, 2.5, 1.5],
			"scale": [0.5, 0.5, 0.5]
		},
		"firstperson_righthand": {
			"rotation": [17, 69, -12],
			"translation": [0, 2.5, 1.5],
			"scale": [0.5, 0.5, 0.5]
		},
		"firstperson_lefthand": {
			"rotation": [17, 69, -12],
			"translation": [0, 2.5, 1.5],
			"scale": [0.5, 0.5, 0.5]
		},
		"ground": {
			"rotation": [27, 0, 0],
			"translation": [0, 1.25, 0],
			"scale": [0.5, 0.5, 0.5]
		},
		"gui": {
			"rotation": [-12, -40, -60],
			"translation": [-1.75, -2, 0],
			"scale": [0.75, 0.75, 0.75]
		},
		"fixed": {
			"rotation": [-90, 0, 0],
			"translation": [0, 0, -16],
			"scale": [1.6, 1.6, 1.6]
		}
	},
	"groups": [
		{
			"name": "torch",
			"origin": [8, 5.51962, 7.87037],
			"color": 0,
			"children": [0, 1, 2, 3, 4, 5, 6, 7, 8, 9, 10, 11, 12, 13, 14, 15]
		}
	]
}