{"elements":[{"from":[5.1371427,7.7085714,7.7085714],"to":[8.005714,8.291429,8.291429],"rotation":{"angle":0.0,"axis":"y","origin":[12.285715,8.0,8.0]},"faces":{"east":{"uv":[12.0,13.5,11.5,14.0],"rotation":0,"texture":"#0","tintindex":0},"south":{"uv":[9.5,13.5,12.0,14.0],"rotation":0,"texture":"#0","tintindex":0},"north":{"uv":[12.0,13.5,9.5,14.0],"rotation":0,"texture":"#0","tintindex":0},"west":{"uv":[10.0,13.5,9.5,14.0],"rotation":0,"texture":"#0","tintindex":0},"up":{"uv":[9.5,14.0,12.0,13.5],"rotation":0,"texture":"#0","tintindex":0},"down":{"uv":[9.5,13.5,12.0,14.0],"rotation":0,"texture":"#0","tintindex":0}}},{"from":[8.142858,8.428572,8.428572],"to":[5.0,7.5714283,7.5714283],"rotation":{"angle":0.0,"axis":"y","origin":[12.285715,8.0,8.0]},"faces":{"east":{"uv":[16.0,15.5,15.5,16.0],"rotation":0,"texture":"#0","tintindex":0},"south":{"uv":[16.0,15.5,15.5,16.0],"rotation":0,"texture":"#0","tintindex":0},"north":{"uv":[16.0,15.5,15.5,16.0],"rotation":0,"texture":"#0","tintindex":0},"west":{"uv":[16.0,15.5,15.5,16.0],"rotation":0,"texture":"#0","tintindex":0},"up":{"uv":[16.0,15.5,15.5,16.0],"rotation":0,"texture":"#0","tintindex":0},"down":{"uv":[16.0,15.5,15.5,16.0],"rotation":0,"texture":"#0","tintindex":0}}},{"from":[5.714286,6.5714283,8.0],"to":[8.0,7.714286,8.0],"rotation":{"angle":0.0,"axis":"y","origin":[12.285715,8.0,8.0]},"faces":{"east":{"uv":[0.0,0.0,0.0,1.0],"rotation":0,"texture":"#0","tintindex":0},"south":{"uv":[14.5,2.5,12.5,3.5],"rotation":0,"texture":"#0","tintindex":0},"north":{"uv":[12.5,2.5,14.5,3.5],"rotation":0,"texture":"#0","tintindex":0},"west":{"uv":[0.0,0.0,0.0,1.0],"rotation":0,"texture":"#0","tintindex":0},"up":{"uv":[0.0,0.0,2.0,0.0],"rotation":0,"texture":"#0","tintindex":0},"down":{"uv":[0.0,0.0,2.0,0.0],"rotation":0,"texture":"#0","tintindex":0}}},{"from":[6.142857,6.428571,7.9857144],"to":[8.0,7.857143,7.9857144],"rotation":{"angle":0.0,"axis":"y","origin":[12.285715,8.0,8.0]},"faces":{"east":{"uv":[16.0,15.5,15.5,16.0],"rotation":0,"texture":"#0","tintindex":0},"south":{"uv":[16.0,15.5,15.5,16.0],"rotation":0,"texture":"#0","tintindex":0},"north":{"uv":[16.0,15.0,15.5,15.5],"rotation":0,"texture":"#0","tintindex":0},"west":{"uv":[16.0,15.5,15.5,16.0],"rotation":0,"texture":"#0","tintindex":0},"up":{"uv":[16.0,15.5,15.5,16.0],"rotation":0,"texture":"#0","tintindex":0},"down":{"uv":[16.0,15.5,15.5,16.0],"rotation":0,"texture":"#0","tintindex":0}}},{"from":[5.5714283,7.0,7.9857144],"to":[6.428571,7.857143,7.9857144],"rotation":{"angle":0.0,"axis":"y","origin":[12.285715,8.0,8.0]},"faces":{"east":{"uv":[16.0,15.5,15.5,16.0],"rotation":0,"texture":"#0","tintindex":0},"south":{"uv":[16.0,15.5,15.5,16.0],"rotation":0,"texture":"#0","tintindex":0},"north":{"uv":[16.0,15.0,15.5,15.5],"rotation":0,"texture":"#0","tintindex":0},"west":{"uv":[16.0,15.5,15.5,16.0],"rotation":0,"texture":"#0","tintindex":0},"up":{"uv":[16.0,15.5,15.5,16.0],"rotation":0,"texture":"#0","tintindex":0},"down":{"uv":[16.0,15.5,15.5,16.0],"rotation":0,"texture":"#0","tintindex":0}}},{"from":[5.5714283,7.0,8.014286],"to":[6.428571,7.857143,8.014286],"rotation":{"angle":0.0,"axis":"y","origin":[12.285715,8.0,8.571428]},"faces":{"east":{"uv":[15.5,15.5,16.0,16.0],"rotation":0,"texture":"#0","tintindex":0},"south":{"uv":[15.5,15.0,16.0,15.5],"rotation":0,"texture":"#0","tintindex":0},"north":{"uv":[15.5,15.5,16.0,16.0],"rotation":0,"texture":"#0","tintindex":0},"west":{"uv":[15.5,15.5,16.0,16.0],"rotation":0,"texture":"#0","tintindex":0},"up":{"uv":[16.0,16.0,15.5,15.5],"rotation":0,"texture":"#0","tintindex":0},"down":{"uv":[16.0,16.0,15.5,15.5],"rotation":0,"texture":"#0","tintindex":0}}},{"from":[6.142857,6.428571,8.014286],"to":[8.0,7.857143,8.014286],"rotation":{"angle":0.0,"axis":"y","origin":[12.285715,8.0,8.571428]},"faces":{"east":{"uv":[15.5,15.5,16.0,16.0],"rotation":0,"texture":"#0","tintindex":0},"south":{"uv":[15.5,15.0,16.0,15.5],"rotation":0,"texture":"#0","tintindex":0},"north":{"uv":[15.5,15.5,16.0,16.0],"rotation":0,"texture":"#0","tintindex":0},"west":{"uv":[15.5,15.5,16.0,16.0],"rotation":0,"texture":"#0","tintindex":0},"up":{"uv":[16.0,16.0,15.5,15.5],"rotation":0,"texture":"#0","tintindex":0},"down":{"uv":[16.0,16.0,15.5,15.5],"rotation":0,"texture":"#0","tintindex":0}}}],"textures":{"0":"modelengine:entity/baboon_chick"},"display":{"head":{"translation":[0.0,-6.4,0.0],"scale":[4.0,4.0,4.0]}}}