{"elements":[{"from":[7.4228573,5.9942856,7.1371427],"to":[8.577143,8.862857,8.862857],"rotation":{"angle":0.0,"axis":"y","origin":[5.428571,11.714286,8.0]},"faces":{"east":{"uv":[2.5,10.0,4.0,12.5],"rotation":0,"texture":"#0","tintindex":0},"south":{"uv":[1.0,11.5,2.0,14.0],"rotation":0,"texture":"#0","tintindex":0},"north":{"uv":[0.0,11.5,1.0,14.0],"rotation":0,"texture":"#0","tintindex":0},"west":{"uv":[4.0,10.0,5.5,12.5],"rotation":0,"texture":"#0","tintindex":0},"up":{"uv":[8.0,14.5,7.0,13.0],"rotation":0,"texture":"#0","tintindex":0},"down":{"uv":[14.0,7.5,13.0,9.0],"rotation":0,"texture":"#0","tintindex":0}}},{"from":[8.714286,9.0,9.0],"to":[7.285714,5.8571424,7.0],"rotation":{"angle":0.0,"axis":"y","origin":[5.428571,11.714286,8.0]},"faces":{"east":{"uv":[15.5,15.5,16.0,16.0],"rotation":0,"texture":"#0","tintindex":0},"south":{"uv":[15.5,15.5,16.0,16.0],"rotation":0,"texture":"#0","tintindex":0},"north":{"uv":[15.5,15.5,16.0,16.0],"rotation":0,"texture":"#0","tintindex":0},"west":{"uv":[15.5,15.5,16.0,16.0],"rotation":0,"texture":"#0","tintindex":0},"up":{"uv":[15.5,15.5,16.0,16.0],"rotation":0,"texture":"#0","tintindex":0},"down":{"uv":[15.5,15.5,16.0,16.0],"rotation":0,"texture":"#0","tintindex":0}}}],"textures":{"0":"modelengine:entity/baboon_chick"},"display":{"head":{"translation":[0.0,-6.4,0.0],"scale":[4.0,4.0,4.0]}}}