{"elements":[{"from":[6.857143,6.857143,8.0],"to":[9.142858,9.142858,10.285714],"rotation":{"angle":0.0,"axis":"y","origin":[8.0,4.5714283,3.4285712]},"faces":{"east":{"uv":[2.0,8.0,3.0,9.0],"rotation":0,"texture":"#0","tintindex":0},"south":{"uv":[8.0,4.5,9.0,5.5],"rotation":0,"texture":"#0","tintindex":0},"north":{"uv":[3.0,7.25,4.0,8.25],"rotation":0,"texture":"#0","tintindex":0},"west":{"uv":[8.0,5.5,9.0,6.5],"rotation":0,"texture":"#0","tintindex":0},"up":{"uv":[9.0,7.5,8.0,6.5],"rotation":0,"texture":"#0","tintindex":0},"down":{"uv":[9.0,7.5,8.0,8.5],"rotation":0,"texture":"#0","tintindex":0}}},{"from":[9.285714,9.285714,10.428572],"to":[6.714286,6.714286,7.857143],"rotation":{"angle":0.0,"axis":"y","origin":[8.0,4.5714283,3.4285712]},"faces":{"east":{"uv":[15.75,15.75,16.0,16.0],"rotation":0,"texture":"#0","tintindex":0},"south":{"uv":[15.75,15.75,16.0,16.0],"rotation":0,"texture":"#0","tintindex":0},"north":{"uv":[15.75,15.75,16.0,16.0],"rotation":0,"texture":"#0","tintindex":0},"west":{"uv":[15.75,15.75,16.0,16.0],"rotation":0,"texture":"#0","tintindex":0},"up":{"uv":[15.75,15.75,16.0,16.0],"rotation":0,"texture":"#0","tintindex":0},"down":{"uv":[15.75,15.75,16.0,16.0],"rotation":0,"texture":"#0","tintindex":0}}}],"textures":{"0":"modelengine:entity/baby_hatchling"},"display":{"head":{"translation":[0.0,-6.4,0.0],"scale":[4.0,4.0,4.0]}}}