{"elements":[{"from":[6.5714283,9.714286,5.714286],"to":[9.428572,12.0,10.285714],"rotation":{"angle":0.0,"axis":"y","origin":[8.0,8.0,8.0]},"faces":{"east":{"uv":[4.75,6.0,6.75,7.0],"rotation":0,"texture":"#0","tintindex":0},"south":{"uv":[7.25,2.5,8.5,3.5],"rotation":0,"texture":"#0","tintindex":0},"north":{"uv":[7.25,1.5,8.5,2.5],"rotation":0,"texture":"#0","tintindex":0},"west":{"uv":[6.0,4.75,8.0,5.75],"rotation":0,"texture":"#0","tintindex":0},"up":{"uv":[7.25,3.5,6.0,1.5],"rotation":0,"texture":"#0","tintindex":0},"down":{"uv":[3.0,6.0,1.75,8.0],"rotation":0,"texture":"#0","tintindex":0}}},{"from":[9.571428,12.142858,10.428572],"to":[6.428571,9.571428,5.5714283],"rotation":{"angle":0.0,"axis":"y","origin":[8.0,8.0,8.0]},"faces":{"east":{"uv":[15.75,15.75,16.0,16.0],"rotation":0,"texture":"#0","tintindex":0},"south":{"uv":[15.75,15.75,16.0,16.0],"rotation":0,"texture":"#0","tintindex":0},"north":{"uv":[15.75,15.75,16.0,16.0],"rotation":0,"texture":"#0","tintindex":0},"west":{"uv":[15.75,15.75,16.0,16.0],"rotation":0,"texture":"#0","tintindex":0},"up":{"uv":[15.75,15.75,16.0,16.0],"rotation":0,"texture":"#0","tintindex":0},"down":{"uv":[15.75,15.75,16.0,16.0],"rotation":0,"texture":"#0","tintindex":0}}}],"textures":{"0":"modelengine:entity/baby_hatchling"},"display":{"head":{"translation":[0.0,-6.4,0.0],"scale":[4.0,4.0,4.0]}}}