{"elements":[{"from":[4.5714283,6.857143,4.5714283],"to":[11.428572,11.428572,10.285714],"rotation":{"angle":0.0,"axis":"y","origin":[8.0,10.857143,7.428571]},"faces":{"east":{"uv":[6.5,2.0,9.0,4.0],"rotation":0,"texture":"#0","tintindex":0},"south":{"uv":[6.5,0.0,9.5,2.0],"rotation":0,"texture":"#0","tintindex":0},"north":{"uv":[3.5,5.0,6.5,7.0],"rotation":0,"texture":"#0","tintindex":0},"west":{"uv":[6.5,4.0,9.0,6.0],"rotation":0,"texture":"#0","tintindex":0},"up":{"uv":[6.5,2.5,3.5,0.0],"rotation":0,"texture":"#0","tintindex":0},"down":{"uv":[6.5,2.5,3.5,5.0],"rotation":0,"texture":"#0","tintindex":0}}},{"from":[5.142857,9.142858,4.0],"to":[6.857143,10.857143,4.5714283],"rotation":{"angle":0.0,"axis":"y","origin":[8.0,10.857143,7.428571]},"faces":{"east":{"uv":[4.0,11.0,4.25,11.75],"rotation":0,"texture":"#0","tintindex":0},"south":{"uv":[10.5,0.0,11.25,0.75],"rotation":0,"texture":"#0","tintindex":0},"north":{"uv":[10.25,10.0,11.0,10.75],"rotation":0,"texture":"#0","tintindex":0},"west":{"uv":[4.25,11.0,4.5,11.75],"rotation":0,"texture":"#0","tintindex":0},"up":{"uv":[5.75,7.25,5.0,7.0],"rotation":0,"texture":"#0","tintindex":0},"down":{"uv":[6.5,7.0,5.75,7.25],"rotation":0,"texture":"#0","tintindex":0}}},{"from":[9.142858,9.142858,4.0],"to":[10.857143,10.857143,4.5714283],"rotation":{"angle":0.0,"axis":"y","origin":[8.0,10.857143,7.428571]},"faces":{"east":{"uv":[7.75,10.25,8.0,11.0],"rotation":0,"texture":"#0","tintindex":0},"south":{"uv":[10.25,9.25,11.0,10.0],"rotation":0,"texture":"#0","tintindex":0},"north":{"uv":[7.0,10.25,7.75,11.0],"rotation":0,"texture":"#0","tintindex":0},"west":{"uv":[11.0,3.75,11.25,4.5],"rotation":0,"texture":"#0","tintindex":0},"up":{"uv":[4.25,7.25,3.5,7.0],"rotation":0,"texture":"#0","tintindex":0},"down":{"uv":[5.0,7.0,4.25,7.25],"rotation":0,"texture":"#0","tintindex":0}}}],"textures":{"0":"modelengine:entity/bulb_crimsonspore"},"display":{"head":{"translation":[0.0,-6.4,0.0],"scale":[4.0,4.0,4.0]}}}