{"elements":[{"from":[8.0,2.8571424,6.857143],"to":[9.142858,8.0,9.714286],"rotation":{"angle":0.0,"axis":"y","origin":[8.571428,6.857143,7.428571]},"faces":{"east":{"uv":[6.9375,9.25,7.25,9.8125],"rotation":0,"texture":"#2","tintindex":0},"south":{"uv":[3.0,8.75,3.125,9.3125],"rotation":0,"texture":"#2","tintindex":0},"north":{"uv":[7.8125,8.5,7.9375,9.0625],"rotation":0,"texture":"#2","tintindex":0},"west":{"uv":[7.25,9.25,7.5625,9.8125],"rotation":0,"texture":"#2","tintindex":0},"up":{"uv":[2.25,7.5625,2.125,7.25],"rotation":0,"texture":"#2","tintindex":0},"down":{"uv":[1.0,9.5,0.875,9.8125],"rotation":0,"texture":"#2","tintindex":0}}},{"from":[9.142858,2.8571424,6.857143],"to":[12.571428,4.5714283,9.714286],"rotation":{"angle":0.0,"axis":"y","origin":[10.571428,4.0,7.428571]},"faces":{"east":{"uv":[3.0,9.5,3.3125,9.6875],"rotation":0,"texture":"#2","tintindex":0},"south":{"uv":[8.875,8.25,9.25,8.4375],"rotation":0,"texture":"#2","tintindex":0},"north":{"uv":[8.4375,7.125,8.8125,7.3125],"rotation":0,"texture":"#2","tintindex":0},"west":{"uv":[9.5,3.0,9.8125,3.1875],"rotation":0,"texture":"#2","tintindex":0},"up":{"uv":[9.3125,4.75,8.9375,4.4375],"rotation":0,"texture":"#2","tintindex":0},"down":{"uv":[9.6875,4.875,9.3125,5.1875],"rotation":0,"texture":"#2","tintindex":0}}},{"from":[12.571428,2.8571424,6.857143],"to":[15.428572,2.8571424,9.714286],"rotation":{"angle":0.0,"axis":"y","origin":[10.571428,4.0,7.428571]},"faces":{"east":{"uv":[0.0,0.0,0.3125,0.0],"rotation":0,"texture":"#2","tintindex":0},"south":{"uv":[0.0,0.0,0.3125,0.0],"rotation":0,"texture":"#2","tintindex":0},"north":{"uv":[0.0,0.0,0.3125,0.0],"rotation":0,"texture":"#2","tintindex":0},"west":{"uv":[0.0,0.0,0.3125,0.0],"rotation":0,"texture":"#2","tintindex":0},"up":{"uv":[9.75,1.1875,9.4375,0.875],"rotation":0,"texture":"#2","tintindex":0},"down":{"uv":[9.75,0.875,9.4375,1.1875],"rotation":0,"texture":"#2","tintindex":0}}}],"textures":{"2":"modelengine:entity/azriel"},"display":{"head":{"translation":[0.0,-6.4,0.0],"scale":[4.0,4.0,4.0]}}}