{"elements":[{"from":[3.4285712,-13.416134,6.5871964],"to":[12.571428,-13.416134,13.44434],"rotation":{"angle":22.5,"axis":"x","origin":[8.0,-13.416134,10.015768]},"faces":{"east":{"uv":[0.0,0.0,3.0,0.0],"rotation":0,"texture":"#0","tintindex":0},"south":{"uv":[0.0,0.0,4.0,0.0],"rotation":0,"texture":"#0","tintindex":0},"north":{"uv":[0.0,0.0,4.0,0.0],"rotation":0,"texture":"#0","tintindex":0},"west":{"uv":[0.0,0.0,3.0,0.0],"rotation":0,"texture":"#0","tintindex":0},"up":{"uv":[4.0,5.75,8.0,8.75],"rotation":0,"texture":"#0","tintindex":0},"down":{"uv":[8.0,8.75,4.0,5.75],"rotation":0,"texture":"#0","tintindex":0}}},{"from":[3.4285712,-14.960691,7.9906855],"to":[12.571428,-1.8178349,7.9906855],"rotation":{"angle":-22.5,"axis":"x","origin":[8.0,-14.960691,7.9906855]},"faces":{"east":{"uv":[0.0,0.0,0.0,5.75],"rotation":0,"texture":"#0","tintindex":0},"south":{"uv":[4.0,2.25,0.0,8.0],"rotation":0,"texture":"#0","tintindex":0},"north":{"uv":[0.0,2.25,4.0,8.0],"rotation":0,"texture":"#0","tintindex":0},"west":{"uv":[0.0,0.0,0.0,5.75],"rotation":0,"texture":"#0","tintindex":0},"up":{"uv":[4.0,0.0,0.0,0.0],"rotation":0,"texture":"#0","tintindex":0},"down":{"uv":[4.0,0.0,0.0,0.0],"rotation":0,"texture":"#0","tintindex":0}}},{"from":[3.4285712,-3.5714293,1.1428566],"to":[12.571428,1.5714283,1.1428566],"rotation":{"angle":-45.0,"axis":"x","origin":[8.0,-1.0,1.1428566]},"faces":{"east":{"uv":[0.0,0.0,0.0,2.25],"rotation":0,"texture":"#0","tintindex":0},"south":{"uv":[4.0,0.0,0.0,2.25],"rotation":0,"texture":"#0","tintindex":0},"north":{"uv":[0.0,0.0,4.0,2.25],"rotation":0,"texture":"#0","tintindex":0},"west":{"uv":[0.0,0.0,0.0,2.25],"rotation":0,"texture":"#0","tintindex":0},"up":{"uv":[4.0,0.0,0.0,0.0],"rotation":0,"texture":"#0","tintindex":0},"down":{"uv":[4.0,0.0,0.0,0.0],"rotation":0,"texture":"#0","tintindex":0}}}],"textures":{"0":"modelengine:entity/bufo_bufo_splash"},"display":{"head":{"translation":[0.0,-6.4,0.0],"scale":[4.0,4.0,4.0]}}}