{"elements":[{"from":[7.428571,6.285714,7.428571],"to":[8.571428,8.0,9.142858],"rotation":{"angle":0.0,"axis":"y","origin":[9.714286,11.428572,8.0]},"faces":{"east":{"uv":[8.0,9.25,8.75,10.0],"rotation":0,"texture":"#0","tintindex":0},"south":{"uv":[9.5,3.0,10.0,3.75],"rotation":0,"texture":"#0","tintindex":0},"north":{"uv":[3.0,9.5,3.5,10.25],"rotation":0,"texture":"#0","tintindex":0},"west":{"uv":[9.5,0.0,10.25,0.75],"rotation":0,"texture":"#0","tintindex":0},"up":{"uv":[10.0,4.5,9.5,3.75],"rotation":0,"texture":"#0","tintindex":0},"down":{"uv":[10.0,4.5,9.5,5.25],"rotation":0,"texture":"#0","tintindex":0}}}],"textures":{"0":"modelengine:entity/bulb_warpedfungus"},"display":{"head":{"translation":[0.0,-6.4,0.0],"scale":[4.0,4.0,4.0]}}}