{"elements":[{"from":[7.428571,5.142857,7.142857],"to":[8.571428,8.0,8.857143],"rotation":{"angle":0.0,"axis":"y","origin":[4.0,9.142858,7.714286]},"faces":{"east":{"uv":[8.0,9.75,8.75,11.0],"rotation":0,"texture":"#0","tintindex":0},"south":{"uv":[5.5,10.25,6.0,11.5],"rotation":0,"texture":"#0","tintindex":0},"north":{"uv":[5.0,10.25,5.5,11.5],"rotation":0,"texture":"#0","tintindex":0},"west":{"uv":[8.75,9.75,9.5,11.0],"rotation":0,"texture":"#0","tintindex":0},"up":{"uv":[4.0,11.25,3.5,10.5],"rotation":0,"texture":"#0","tintindex":0},"down":{"uv":[11.0,7.75,10.5,8.5],"rotation":0,"texture":"#0","tintindex":0}}}],"textures":{"0":"modelengine:entity/bulb_crimsonspore"},"display":{"head":{"translation":[0.0,-6.4,0.0],"scale":[4.0,4.0,4.0]}}}