{"elements":[{"from":[7.97706,8.041945,2.3571424],"to":[17.119919,8.613374,16.642857],"rotation":{"angle":0.0,"axis":"y","origin":[29.119917,8.041945,8.071428]},"faces":{"east":{"uv":[7.75,3.75,10.875,3.875],"rotation":0,"texture":"#0","tintindex":0},"south":{"uv":[7.75,4.375,9.75,4.5],"rotation":0,"texture":"#0","tintindex":0},"north":{"uv":[7.75,4.25,9.75,4.375],"rotation":0,"texture":"#0","tintindex":0},"west":{"uv":[7.75,3.875,10.875,4.0],"rotation":0,"texture":"#0","tintindex":0},"up":{"uv":[2.0,3.125,0.0,0.0],"rotation":0,"texture":"#0","tintindex":0},"down":{"uv":[2.0,3.125,4.0,6.25],"rotation":0,"texture":"#0","tintindex":0}}},{"from":[8.287504,8.211145,2.9285712],"to":[16.858932,9.925431,16.07143],"rotation":{"angle":0.0,"axis":"y","origin":[10.8589325,8.782575,9.5]},"faces":{"east":{"uv":[7.75,0.0,10.625,0.375],"rotation":0,"texture":"#0","tintindex":0},"south":{"uv":[1.25,7.5,3.125,7.875],"rotation":0,"texture":"#0","tintindex":0},"north":{"uv":[1.25,7.125,3.125,7.5],"rotation":0,"texture":"#0","tintindex":0},"west":{"uv":[7.75,0.375,10.625,0.75],"rotation":0,"texture":"#0","tintindex":0},"up":{"uv":[5.875,2.875,4.0,0.0],"rotation":0,"texture":"#0","tintindex":0},"down":{"uv":[5.875,2.875,4.0,5.75],"rotation":0,"texture":"#0","tintindex":0}}},{"from":[10.00179,9.354003,0.6428566],"to":[15.144648,9.354003,2.9285712],"rotation":{"angle":0.0,"axis":"y","origin":[10.8589325,8.782575,9.5]},"faces":{"east":{"uv":[0.0,0.0,0.5,0.0],"rotation":0,"texture":"#0","tintindex":0},"south":{"uv":[0.0,0.0,1.125,0.0],"rotation":0,"texture":"#0","tintindex":0},"north":{"uv":[0.0,0.0,1.125,0.0],"rotation":0,"texture":"#0","tintindex":0},"west":{"uv":[0.0,0.0,0.5,0.0],"rotation":0,"texture":"#0","tintindex":0},"up":{"uv":[8.875,3.25,7.75,2.75],"rotation":0,"texture":"#0","tintindex":0},"down":{"uv":[7.75,2.75,8.875,3.25],"rotation":0,"texture":"#0","tintindex":0}}},{"from":[10.00179,8.141987,-2.8546362],"to":[15.144648,8.141987,1.1453638],"rotation":{"angle":-45.0,"axis":"x","origin":[12.00179,8.141987,-0.56892204]},"faces":{"east":{"uv":[0.0,0.0,0.875,0.0],"rotation":0,"texture":"#0","tintindex":0},"south":{"uv":[0.0,0.0,1.125,0.0],"rotation":0,"texture":"#0","tintindex":0},"north":{"uv":[0.0,0.0,1.125,0.0],"rotation":0,"texture":"#0","tintindex":0},"west":{"uv":[0.0,0.0,0.875,0.0],"rotation":0,"texture":"#0","tintindex":0},"up":{"uv":[2.375,7.125,1.25,6.25],"rotation":0,"texture":"#0","tintindex":0},"down":{"uv":[1.25,6.25,2.375,7.125],"rotation":0,"texture":"#0","tintindex":0}}},{"from":[14.834204,7.4705167,2.3571424],"to":[17.119919,8.041945,4.642857],"rotation":{"angle":0.0,"axis":"y","origin":[29.119917,8.041945,8.071428]},"faces":{"east":{"uv":[7.75,7.375,8.25,7.5],"rotation":0,"texture":"#0","tintindex":0},"south":{"uv":[7.75,7.5,8.25,7.625],"rotation":0,"texture":"#0","tintindex":0},"north":{"uv":[7.75,7.25,8.25,7.375],"rotation":0,"texture":"#0","tintindex":0},"west":{"uv":[7.75,7.625,8.25,7.75],"rotation":0,"texture":"#0","tintindex":0},"up":{"uv":[4.0,6.75,3.5,6.25],"rotation":0,"texture":"#0","tintindex":0},"down":{"uv":[4.0,6.75,3.5,7.25],"rotation":0,"texture":"#0","tintindex":0}}},{"from":[14.834204,7.4705167,14.357143],"to":[17.119919,8.041945,16.642857],"rotation":{"angle":0.0,"axis":"y","origin":[29.119917,8.041945,8.071428]},"faces":{"east":{"uv":[1.25,8.0,1.75,8.125],"rotation":0,"texture":"#0","tintindex":0},"south":{"uv":[1.75,8.0,2.25,8.125],"rotation":0,"texture":"#0","tintindex":0},"north":{"uv":[7.75,7.875,8.25,8.0],"rotation":0,"texture":"#0","tintindex":0},"west":{"uv":[2.25,8.0,2.75,8.125],"rotation":0,"texture":"#0","tintindex":0},"up":{"uv":[8.25,5.25,7.75,4.75],"rotation":0,"texture":"#0","tintindex":0},"down":{"uv":[8.25,5.25,7.75,5.75],"rotation":0,"texture":"#0","tintindex":0}}}],"textures":{"0":"modelengine:entity/azriel_book"},"display":{"head":{"translation":[0.0,-6.4,0.0],"scale":[4.0,4.0,4.0]}}}