{"elements":[{"from":[7.714286,8.166375,8.307244],"to":[8.285714,8.166375,8.878673],"rotation":{"angle":22.5,"axis":"x","origin":[8.0,8.166375,8.02153]},"faces":{"east":{"uv":[1.0,0.0,0.0,0.0],"rotation":0,"texture":"#0","tintindex":0},"south":{"uv":[1.0,0.0,0.0,0.0],"rotation":0,"texture":"#0","tintindex":0},"north":{"uv":[1.0,0.0,0.0,0.0],"rotation":0,"texture":"#0","tintindex":0},"west":{"uv":[1.0,0.0,0.0,0.0],"rotation":0,"texture":"#0","tintindex":0},"up":{"uv":[1.0,0.0,0.0,1.0],"rotation":0,"texture":"#0","tintindex":0},"down":{"uv":[1.0,1.0,0.0,0.0],"rotation":0,"texture":"#0","tintindex":0}}},{"from":[7.714286,7.4861364,7.714286],"to":[8.285714,8.057565,8.285714],"rotation":{"angle":0.0,"axis":"y","origin":[7.714286,4.0575647,7.714286]},"faces":{"east":{"uv":[1.0,1.0,2.0,2.0],"rotation":0,"texture":"#0","tintindex":0},"south":{"uv":[0.0,2.0,1.0,3.0],"rotation":0,"texture":"#0","tintindex":0},"north":{"uv":[1.0,0.0,2.0,1.0],"rotation":0,"texture":"#0","tintindex":0},"west":{"uv":[2.0,0.0,3.0,1.0],"rotation":0,"texture":"#0","tintindex":0},"up":{"uv":[2.0,3.0,1.0,2.0],"rotation":0,"texture":"#0","tintindex":0},"down":{"uv":[3.0,1.0,2.0,2.0],"rotation":0,"texture":"#0","tintindex":0}}},{"from":[7.714286,8.166375,7.164387],"to":[8.285714,8.166375,7.7358155],"rotation":{"angle":22.5,"axis":"x","origin":[8.0,8.166375,7.4501014]},"faces":{"east":{"uv":[0.0,0.0,1.0,0.0],"rotation":0,"texture":"#0","tintindex":0},"south":{"uv":[0.0,0.0,1.0,0.0],"rotation":0,"texture":"#0","tintindex":0},"north":{"uv":[0.0,0.0,1.0,0.0],"rotation":0,"texture":"#0","tintindex":0},"west":{"uv":[0.0,0.0,1.0,0.0],"rotation":0,"texture":"#0","tintindex":0},"up":{"uv":[1.0,2.0,0.0,1.0],"rotation":0,"texture":"#0","tintindex":0},"down":{"uv":[1.0,1.0,0.0,2.0],"rotation":0,"texture":"#0","tintindex":0}}},{"from":[7.714286,7.947699,8.307682],"to":[8.285714,7.947699,8.87911],"rotation":{"angle":-22.5,"axis":"x","origin":[8.0,7.947699,8.021967]},"faces":{"east":{"uv":[1.0,0.0,0.0,0.0],"rotation":0,"texture":"#0","tintindex":0},"south":{"uv":[1.0,0.0,0.0,0.0],"rotation":0,"texture":"#0","tintindex":0},"north":{"uv":[1.0,0.0,0.0,0.0],"rotation":0,"texture":"#0","tintindex":0},"west":{"uv":[1.0,0.0,0.0,0.0],"rotation":0,"texture":"#0","tintindex":0},"up":{"uv":[1.0,1.0,0.0,2.0],"rotation":0,"texture":"#0","tintindex":0},"down":{"uv":[1.0,2.0,0.0,1.0],"rotation":0,"texture":"#0","tintindex":0}}},{"from":[7.714286,7.947699,7.1648245],"to":[8.285714,7.947699,7.7362533],"rotation":{"angle":-22.5,"axis":"x","origin":[8.0,7.947699,7.4505386]},"faces":{"east":{"uv":[0.0,0.0,1.0,0.0],"rotation":0,"texture":"#0","tintindex":0},"south":{"uv":[0.0,0.0,1.0,0.0],"rotation":0,"texture":"#0","tintindex":0},"north":{"uv":[0.0,0.0,1.0,0.0],"rotation":0,"texture":"#0","tintindex":0},"west":{"uv":[0.0,0.0,1.0,0.0],"rotation":0,"texture":"#0","tintindex":0},"up":{"uv":[1.0,1.0,0.0,0.0],"rotation":0,"texture":"#0","tintindex":0},"down":{"uv":[1.0,0.0,0.0,1.0],"rotation":0,"texture":"#0","tintindex":0}}}],"textures":{"0":"modelengine:entity/chameleon_fly"},"display":{"head":{"translation":[0.0,-6.4,0.0],"scale":[4.0,4.0,4.0]}}}