{"elements":[{"from":[1.0,8.0,-15.6],"to":[15.0,8.0,31.6],"rotation":{"angle":0.0,"axis":"y","origin":[8.2,8.0,73.6]},"faces":{"east":{"uv":[16.0,0.0,0.0,0.0],"rotation":0,"texture":"#0","tintindex":0},"south":{"uv":[16.0,0.0,0.0,0.0],"rotation":0,"texture":"#0","tintindex":0},"north":{"uv":[16.0,0.0,0.0,0.0],"rotation":0,"texture":"#0","tintindex":0},"west":{"uv":[16.0,0.0,0.0,0.0],"rotation":0,"texture":"#0","tintindex":0},"up":{"uv":[10.8125,11.8125,13.5625,6.125],"rotation":0,"texture":"#0","tintindex":0},"down":{"uv":[10.8125,6.125,13.5625,11.8125],"rotation":0,"texture":"#0","tintindex":0}}}],"textures":{"0":"modelengine:entity/telegraph"},"display":{"head":{"translation":[0.0,-6.4,0.0],"scale":[4.0,4.0,4.0]}}}