{"elements":[{"from":[4.5714283,6.857143,4.5714283],"to":[11.428572,11.428572,10.285714],"rotation":{"angle":0.0,"axis":"y","origin":[8.0,10.857143,7.428571]},"faces":{"east":{"uv":[6.5,2.0,9.0,4.0],"rotation":0,"texture":"#0","tintindex":0},"south":{"uv":[6.5,0.0,9.5,2.0],"rotation":0,"texture":"#0","tintindex":0},"north":{"uv":[3.5,5.0,6.5,7.0],"rotation":0,"texture":"#0","tintindex":0},"west":{"uv":[6.5,4.0,9.0,6.0],"rotation":0,"texture":"#0","tintindex":0},"up":{"uv":[6.5,2.5,3.5,0.0],"rotation":0,"texture":"#0","tintindex":0},"down":{"uv":[6.5,2.5,3.5,5.0],"rotation":0,"texture":"#0","tintindex":0}}},{"from":[5.142857,9.142858,4.0],"to":[6.857143,10.857143,4.5714283],"rotation":{"angle":0.0,"axis":"y","origin":[8.0,10.857143,7.428571]},"faces":{"east":{"uv":[3.5,9.75,3.75,10.5],"rotation":0,"texture":"#0","tintindex":0},"south":{"uv":[5.75,9.25,6.5,10.0],"rotation":0,"texture":"#0","tintindex":0},"north":{"uv":[5.0,9.25,5.75,10.0],"rotation":0,"texture":"#0","tintindex":0},"west":{"uv":[3.75,9.75,4.0,10.5],"rotation":0,"texture":"#0","tintindex":0},"up":{"uv":[5.75,7.25,5.0,7.0],"rotation":0,"texture":"#0","tintindex":0},"down":{"uv":[6.5,7.0,5.75,7.25],"rotation":0,"texture":"#0","tintindex":0}}},{"from":[9.142858,9.142858,4.0],"to":[10.857143,10.857143,4.5714283],"rotation":{"angle":0.0,"axis":"y","origin":[8.0,10.857143,7.428571]},"faces":{"east":{"uv":[8.75,9.25,9.0,10.0],"rotation":0,"texture":"#0","tintindex":0},"south":{"uv":[0.75,9.25,1.5,10.0],"rotation":0,"texture":"#0","tintindex":0},"north":{"uv":[0.0,9.25,0.75,10.0],"rotation":0,"texture":"#0","tintindex":0},"west":{"uv":[9.5,9.25,9.75,10.0],"rotation":0,"texture":"#0","tintindex":0},"up":{"uv":[4.25,7.25,3.5,7.0],"rotation":0,"texture":"#0","tintindex":0},"down":{"uv":[5.0,7.0,4.25,7.25],"rotation":0,"texture":"#0","tintindex":0}}}],"textures":{"0":"modelengine:entity/bulb_warpedfungus"},"display":{"head":{"translation":[0.0,-6.4,0.0],"scale":[4.0,4.0,4.0]}}}