{"elements":[{"from":[7.428571,5.142857,7.142857],"to":[8.571428,8.0,8.857143],"rotation":{"angle":0.0,"axis":"y","origin":[12.0,9.142858,7.714286]},"faces":{"east":{"uv":[3.5,8.5,4.25,9.75],"rotation":0,"texture":"#0","tintindex":0},"south":{"uv":[9.0,8.5,9.5,9.75],"rotation":0,"texture":"#0","tintindex":0},"north":{"uv":[9.0,4.5,9.5,5.75],"rotation":0,"texture":"#0","tintindex":0},"west":{"uv":[4.25,8.5,5.0,9.75],"rotation":0,"texture":"#0","tintindex":0},"up":{"uv":[10.0,6.0,9.5,5.25],"rotation":0,"texture":"#0","tintindex":0},"down":{"uv":[10.0,8.5,9.5,9.25],"rotation":0,"texture":"#0","tintindex":0}}}],"textures":{"0":"modelengine:entity/bulb_warpedfungus"},"display":{"head":{"translation":[0.0,-6.4,0.0],"scale":[4.0,4.0,4.0]}}}