{"elements":[{"from":[7.428571,5.142857,7.142857],"to":[8.571428,8.0,8.857143],"rotation":{"angle":0.0,"axis":"y","origin":[4.0,9.142858,7.714286]},"faces":{"east":{"uv":[2.0,8.25,2.75,9.5],"rotation":0,"texture":"#0","tintindex":0},"south":{"uv":[9.0,3.25,9.5,4.5],"rotation":0,"texture":"#0","tintindex":0},"north":{"uv":[9.0,2.0,9.5,3.25],"rotation":0,"texture":"#0","tintindex":0},"west":{"uv":[2.75,8.25,3.5,9.5],"rotation":0,"texture":"#0","tintindex":0},"up":{"uv":[2.0,10.0,1.5,9.25],"rotation":0,"texture":"#0","tintindex":0},"down":{"uv":[10.0,0.75,9.5,1.5],"rotation":0,"texture":"#0","tintindex":0}}}],"textures":{"0":"modelengine:entity/bulb_warpedfungus"},"display":{"head":{"translation":[0.0,-6.4,0.0],"scale":[4.0,4.0,4.0]}}}