{"elements":[{"from":[5.714286,3.4285712,8.0],"to":[10.285714,8.0,8.0],"rotation":{"angle":0.0,"axis":"y","origin":[6.285714,5.142857,13.142858]},"faces":{"east":{"uv":[0.0,7.0,0.0,9.0],"rotation":0,"texture":"#0","tintindex":0},"south":{"uv":[14.0,0.0,16.0,2.0],"rotation":0,"texture":"#0","tintindex":0},"north":{"uv":[16.0,0.0,14.0,2.0],"rotation":0,"texture":"#0","tintindex":0},"west":{"uv":[7.0,7.25,7.0,9.25],"rotation":0,"texture":"#0","tintindex":0},"up":{"uv":[2.0,0.0,0.0,0.0],"rotation":0,"texture":"#0","tintindex":0},"down":{"uv":[2.0,3.5,0.0,3.5],"rotation":0,"texture":"#0","tintindex":0}}}],"textures":{"0":"modelengine:entity/bulb_warpedfungus"},"display":{"head":{"translation":[0.0,-6.4,0.0],"scale":[4.0,4.0,4.0]}}}