{"elements":[{"from":[7.4342856,6.2914286,7.4342856],"to":[8.565714,7.9942856,8.565714],"rotation":{"angle":0.0,"axis":"y","origin":[4.285714,6.285714,3.4285712]},"faces":{"east":{"uv":[11.5,7.0,12.5,8.5],"rotation":0,"texture":"#0","tintindex":0},"south":{"uv":[11.5,8.5,12.5,10.0],"rotation":0,"texture":"#0","tintindex":0},"north":{"uv":[11.5,5.5,12.5,7.0],"rotation":0,"texture":"#0","tintindex":0},"west":{"uv":[9.0,11.5,10.0,13.0],"rotation":0,"texture":"#0","tintindex":0},"up":{"uv":[13.0,5.5,12.0,4.5],"rotation":0,"texture":"#0","tintindex":0},"down":{"uv":[8.0,12.0,7.0,13.0],"rotation":0,"texture":"#0","tintindex":0}}},{"from":[8.714286,8.142858,8.714286],"to":[7.285714,6.142857,7.285714],"rotation":{"angle":0.0,"axis":"y","origin":[4.285714,6.285714,3.4285712]},"faces":{"east":{"uv":[15.5,15.5,16.0,16.0],"rotation":0,"texture":"#0","tintindex":0},"south":{"uv":[15.5,15.5,16.0,16.0],"rotation":0,"texture":"#0","tintindex":0},"north":{"uv":[15.5,15.5,16.0,16.0],"rotation":0,"texture":"#0","tintindex":0},"west":{"uv":[15.5,15.5,16.0,16.0],"rotation":0,"texture":"#0","tintindex":0},"up":{"uv":[15.5,15.5,16.0,16.0],"rotation":0,"texture":"#0","tintindex":0},"down":{"uv":[15.5,15.5,16.0,16.0],"rotation":0,"texture":"#0","tintindex":0}}}],"textures":{"0":"modelengine:entity/baby_shadow"},"display":{"head":{"translation":[0.0,-6.4,0.0],"scale":[4.0,4.0,4.0]}}}