{"elements":[{"from":[4.5714283,6.285714,-14.857143],"to":[10.857143,9.142858,7.428571],"rotation":{"angle":0.0,"axis":"y","origin":[7.428571,6.285714,33.714287]},"faces":{"east":{"uv":[13.75,3.75,8.875,4.375],"rotation":0,"texture":"#0","tintindex":0},"south":{"uv":[10.625,6.875,12.0,7.5],"rotation":0,"texture":"#0","tintindex":0},"north":{"uv":[10.625,6.25,12.0,6.875],"rotation":0,"texture":"#0","tintindex":0},"west":{"uv":[8.875,3.75,13.75,4.375],"rotation":0,"texture":"#0","tintindex":0},"up":{"uv":[6.875,4.875,5.5,0.0],"rotation":0,"texture":"#0","tintindex":0},"down":{"uv":[6.875,0.0,5.5,4.875],"rotation":0,"texture":"#0","tintindex":0}}}],"textures":{"0":"modelengine:entity/bufo_bufo_tongue"},"display":{"head":{"translation":[0.0,-6.4,0.0],"scale":[4.0,4.0,4.0]}}}