{"elements":[{"from":[5.714286,1.1428566,8.0],"to":[10.285714,8.0,8.0],"rotation":{"angle":0.0,"axis":"y","origin":[14.285715,4.5714283,11.428572]},"faces":{"east":{"uv":[0.0,0.0,0.0,0.75],"rotation":0,"texture":"#2","tintindex":0},"south":{"uv":[9.1875,1.375,8.6875,2.125],"rotation":0,"texture":"#2","tintindex":0},"north":{"uv":[8.6875,1.375,9.1875,2.125],"rotation":0,"texture":"#2","tintindex":0},"west":{"uv":[0.0,0.0,0.0,0.75],"rotation":0,"texture":"#2","tintindex":0},"up":{"uv":[0.5,0.0,0.0,0.0],"rotation":0,"texture":"#2","tintindex":0},"down":{"uv":[0.5,0.0,0.0,0.0],"rotation":0,"texture":"#2","tintindex":0}}}],"textures":{"2":"modelengine:entity/azriel"},"display":{"head":{"translation":[0.0,-6.4,0.0],"scale":[4.0,4.0,4.0]}}}