{"elements":[{"from":[2.2857141,3.9890108,3.3186464],"to":[13.714286,7.989011,12.461504],"rotation":{"angle":-22.5,"axis":"x","origin":[8.0,5.989011,7.604361]},"faces":{"east":{"uv":[9.4375,0.9375,8.4375,1.375],"rotation":0,"texture":"#2","tintindex":0},"south":{"uv":[7.75,0.0,9.0,0.4375],"rotation":0,"texture":"#2","tintindex":0},"north":{"uv":[7.625,3.5625,8.875,4.0],"rotation":0,"texture":"#2","tintindex":0},"west":{"uv":[8.4375,0.9375,9.4375,1.375],"rotation":0,"texture":"#2","tintindex":0},"up":{"uv":[5.875,5.5,4.625,4.5],"rotation":0,"texture":"#2","tintindex":0},"down":{"uv":[3.875,4.6875,2.625,5.6875],"rotation":0,"texture":"#2","tintindex":0}}},{"from":[2.8571424,-8.285715,3.7142854],"to":[13.142858,6.0,12.857143],"rotation":{"angle":0.0,"axis":"y","origin":[8.0,8.0,8.0]},"faces":{"east":{"uv":[4.625,3.125,3.625,4.6875],"rotation":0,"texture":"#2","tintindex":0},"south":{"uv":[2.625,1.5625,3.75,3.125],"rotation":0,"texture":"#2","tintindex":0},"north":{"uv":[2.625,0.0,3.75,1.5625],"rotation":0,"texture":"#2","tintindex":0},"west":{"uv":[3.625,3.125,4.625,4.6875],"rotation":0,"texture":"#2","tintindex":0},"up":{"uv":[1.125,6.25,0.0,5.25],"rotation":0,"texture":"#2","tintindex":0},"down":{"uv":[2.25,5.25,1.125,6.25],"rotation":0,"texture":"#2","tintindex":0}}}],"textures":{"2":"modelengine:entity/azriel"},"display":{"head":{"translation":[0.0,-6.4,0.0],"scale":[4.0,4.0,4.0]}}}