{"elements":[{"from":[4.5714283,6.285714,-5.1428566],"to":[10.857143,9.142858,9.714287],"rotation":{"angle":0.0,"axis":"y","origin":[7.428571,6.285714,36.0]},"faces":{"east":{"uv":[13.5,9.375,10.25,10.0],"rotation":0,"texture":"#0","tintindex":0},"south":{"uv":[8.25,10.75,9.625,11.375],"rotation":0,"texture":"#0","tintindex":0},"north":{"uv":[10.25,10.625,11.625,11.25],"rotation":0,"texture":"#0","tintindex":0},"west":{"uv":[10.25,9.375,13.5,10.0],"rotation":0,"texture":"#0","tintindex":0},"up":{"uv":[8.25,8.0,6.875,4.75],"rotation":0,"texture":"#0","tintindex":0},"down":{"uv":[8.25,4.75,6.875,8.0],"rotation":0,"texture":"#0","tintindex":0}}},{"from":[2.8571424,4.5714283,-16.0],"to":[12.0,10.857143,-5.1428566],"rotation":{"angle":0.0,"axis":"y","origin":[7.428571,6.285714,36.0]},"faces":{"east":{"uv":[8.25,4.75,10.625,6.125],"rotation":0,"texture":"#0","tintindex":0},"south":{"uv":[0.0,9.75,2.0,11.125],"rotation":0,"texture":"#0","tintindex":0},"north":{"uv":[8.25,9.375,10.25,10.75],"rotation":0,"texture":"#0","tintindex":0},"west":{"uv":[8.25,6.125,10.625,7.5],"rotation":0,"texture":"#0","tintindex":0},"up":{"uv":[8.875,2.375,6.875,0.0],"rotation":0,"texture":"#0","tintindex":0},"down":{"uv":[8.875,2.375,6.875,4.75],"rotation":0,"texture":"#0","tintindex":0}}}],"textures":{"0":"modelengine:entity/bufo_bufo_tongue"},"display":{"head":{"translation":[0.0,-6.4,-9.14286],"scale":[4.0,4.0,4.0]}}}