{
	"credit": "Made with Blockbench",
	"texture_size": [32, 32],
	"textures": {
		"0": "littleroom_bulb_vol2:bulbcoin",
		"particle": "littleroom_bulb_vol2:bulbcoin"
	},
	"elements": [
		{
			"from": [10, 1, 7],
			"to": [11, 6, 9],
			"faces": {
				"north": {"uv": [1, 5, 1.5, 7.5], "texture": "#0"},
				"east": {"uv": [2.5, 4, 3.5, 6.5], "texture": "#0"},
				"south": {"uv": [1.5, 5, 2, 7.5], "texture": "#0"},
				"west": {"uv": [3.5, 4, 4.5, 6.5], "texture": "#0"},
				"up": {"uv": [7, 1, 6.5, 0], "texture": "#0"},
				"down": {"uv": [7, 1, 6.5, 2], "texture": "#0"}
			}
		},
		{
			"from": [4, 1, 7],
			"to": [5, 6, 9],
			"faces": {
				"north": {"uv": [2, 5, 2.5, 7.5], "texture": "#0"},
				"east": {"uv": [4.5, 4, 5.5, 6.5], "texture": "#0"},
				"south": {"uv": [6, 0, 6.5, 2.5], "texture": "#0"},
				"west": {"uv": [0, 5, 1, 7.5], "texture": "#0"},
				"up": {"uv": [3, 7.5, 2.5, 6.5], "texture": "#0"},
				"down": {"uv": [3.5, 6.5, 3, 7.5], "texture": "#0"}
			}
		},
		{
			"from": [4, 0, 7],
			"to": [11, 1, 9],
			"faces": {
				"north": {"uv": [5.5, 5, 9, 5.5], "texture": "#0"},
				"east": {"uv": [3.5, 6.5, 4.5, 7], "texture": "#0"},
				"south": {"uv": [5.5, 5.5, 9, 6], "texture": "#0"},
				"west": {"uv": [4.5, 6.5, 5.5, 7], "texture": "#0"},
				"up": {"uv": [6, 3, 2.5, 2], "texture": "#0"},
				"down": {"uv": [6, 3, 2.5, 4], "texture": "#0"}
			}
		},
		{
			"from": [5, 1, 7.5],
			"to": [10, 6, 8.5],
			"faces": {
				"north": {"uv": [0, 0, 2.5, 2.5], "texture": "#0"},
				"east": {"uv": [5.5, 6, 6, 8.5], "texture": "#0"},
				"south": {"uv": [0, 2.5, 2.5, 5], "texture": "#0"},
				"west": {"uv": [6, 6, 6.5, 8.5], "texture": "#0"},
				"up": {"uv": [8.5, 3, 6, 2.5], "texture": "#0"},
				"down": {"uv": [8.5, 3, 6, 3.5], "texture": "#0"}
			}
		},
		{
			"from": [4, 6, 7],
			"to": [11, 7, 9],
			"faces": {
				"north": {"uv": [5.5, 4, 9, 4.5], "texture": "#0"},
				"east": {"uv": [6, 3.5, 7, 4], "texture": "#0"},
				"south": {"uv": [5.5, 4.5, 9, 5], "texture": "#0"},
				"west": {"uv": [6.5, 2, 7.5, 2.5], "texture": "#0"},
				"up": {"uv": [6, 1, 2.5, 0], "texture": "#0"},
				"down": {"uv": [6, 1, 2.5, 2], "texture": "#0"}
			}
		}
	],
	"display": {
		"thirdperson_righthand": {
			"translation": [0, 4, 0],
			"scale": [0.5, 0.5, 0.5]
		},
		"thirdperson_lefthand": {
			"translation": [0, 4, 0],
			"scale": [0.5, 0.5, 0.5]
		},
		"firstperson_righthand": {
			"rotation": [-21, -74, -14],
			"translation": [1.5, 5.25, 0],
			"scale": [0.5, 0.5, 0.5]
		},
		"firstperson_lefthand": {
			"rotation": [-21, -74, -14],
			"translation": [1.5, 5.25, 0],
			"scale": [0.5, 0.5, 0.5]
		},
		"ground": {
			"rotation": [44, 0, 0],
			"translation": [0, 2.75, 0],
			"scale": [0.5, 0.5, 0.5]
		},
		"gui": {
			"rotation": [29, 23, 0],
			"translation": [1, 4.5, 0]
		},
		"head": {
			"translation": [0, 10.5, 0],
			"scale": [0.5, 0.5, 0.5]
		},
		"fixed": {
			"translation": [0.5, 4, 0]
		}
	}
}