{"elements":[{"from":[6.285714,6.7133384,4.4815416],"to":[6.857143,8.999053,7.3386846],"rotation":{"angle":22.5,"axis":"x","origin":[9.142858,4.8571424,8.0]},"faces":{"east":{"uv":[7.75,5.0,6.5,6.0],"rotation":0,"texture":"#0","tintindex":0},"south":{"uv":[8.0,8.75,7.75,9.75],"rotation":0,"texture":"#0","tintindex":0},"north":{"uv":[7.75,8.75,7.5,9.75],"rotation":0,"texture":"#0","tintindex":0},"west":{"uv":[7.75,1.0,6.5,2.0],"rotation":0,"texture":"#0","tintindex":0},"up":{"uv":[5.0,10.0,5.25,8.75],"rotation":0,"texture":"#0","tintindex":0},"down":{"uv":[5.25,8.75,5.5,10.0],"rotation":0,"texture":"#0","tintindex":0}}},{"from":[6.857143,6.7133384,4.4815416],"to":[10.285714,8.999053,5.0529704],"rotation":{"angle":22.5,"axis":"x","origin":[8.0,4.8571424,8.0]},"faces":{"east":{"uv":[8.0,8.75,8.25,9.75],"rotation":0,"texture":"#0","tintindex":0},"south":{"uv":[6.0,3.25,7.5,4.25],"rotation":0,"texture":"#0","tintindex":0},"north":{"uv":[3.0,5.75,4.5,6.75],"rotation":0,"texture":"#0","tintindex":0},"west":{"uv":[8.25,8.75,8.5,9.75],"rotation":0,"texture":"#0","tintindex":0},"up":{"uv":[10.0,2.0,8.5,1.75],"rotation":0,"texture":"#0","tintindex":0},"down":{"uv":[10.0,4.0,8.5,4.25],"rotation":0,"texture":"#0","tintindex":0}}},{"from":[10.285714,6.7133384,4.4815416],"to":[10.857143,8.999053,7.3386846],"rotation":{"angle":22.5,"axis":"x","origin":[8.0,4.8571424,8.0]},"faces":{"east":{"uv":[6.5,1.0,7.75,2.0],"rotation":0,"texture":"#0","tintindex":0},"south":{"uv":[7.75,8.75,8.0,9.75],"rotation":0,"texture":"#0","tintindex":0},"north":{"uv":[7.5,8.75,7.75,9.75],"rotation":0,"texture":"#0","tintindex":0},"west":{"uv":[6.5,5.0,7.75,6.0],"rotation":0,"texture":"#0","tintindex":0},"up":{"uv":[5.25,10.0,5.0,8.75],"rotation":0,"texture":"#0","tintindex":0},"down":{"uv":[5.5,8.75,5.25,10.0],"rotation":0,"texture":"#0","tintindex":0}}}],"textures":{"0":"modelengine:entity/cavalier"},"display":{"head":{"translation":[0.0,-6.4,0.0],"scale":[4.0,4.0,4.0]}}}