{"elements":[{"from":[6.857143,5.714286,7.428571],"to":[8.0,8.571428,8.571428],"rotation":{"angle":0.0,"axis":"y","origin":[10.857143,7.5276337,7.5714283]},"faces":{"east":{"uv":[1.5,8.0,1.0,9.25],"rotation":0,"texture":"#0","tintindex":0},"south":{"uv":[1.0,8.0,0.5,9.25],"rotation":0,"texture":"#0","tintindex":0},"north":{"uv":[5.25,7.5,4.75,8.75],"rotation":0,"texture":"#0","tintindex":0},"west":{"uv":[0.5,8.0,0.0,9.25],"rotation":0,"texture":"#0","tintindex":0},"up":{"uv":[1.5,5.0,2.0,4.5],"rotation":0,"texture":"#0","tintindex":0},"down":{"uv":[8.5,5.0,9.0,5.5],"rotation":0,"texture":"#0","tintindex":0}}}],"textures":{"0":"modelengine:entity/cavalier"},"display":{"head":{"translation":[0.0,-6.4,0.0],"scale":[4.0,4.0,4.0]}}}