{"elements":[{"from":[7.714286,6.862004,6.477542],"to":[8.285714,8.576289,7.620399],"rotation":{"angle":-22.5,"axis":"x","origin":[6.857143,11.428572,7.428571]},"faces":{"east":{"uv":[1.75,8.75,2.25,9.5],"rotation":0,"texture":"#0","tintindex":0},"south":{"uv":[9.0,7.25,9.25,8.0],"rotation":0,"texture":"#0","tintindex":0},"north":{"uv":[9.0,6.5,9.25,7.25],"rotation":0,"texture":"#0","tintindex":0},"west":{"uv":[3.0,8.75,3.5,9.5],"rotation":0,"texture":"#0","tintindex":0},"up":{"uv":[9.5,0.5,9.25,0.0],"rotation":0,"texture":"#0","tintindex":0},"down":{"uv":[0.75,9.25,0.5,9.75],"rotation":0,"texture":"#0","tintindex":0}}},{"from":[7.428571,6.0990624,6.8453727],"to":[8.571428,6.6704907,7.9882298],"rotation":{"angle":22.5,"axis":"x","origin":[8.0,6.6704907,7.9882298]},"faces":{"east":{"uv":[9.25,1.25,9.75,1.5],"rotation":0,"texture":"#0","tintindex":0},"south":{"uv":[9.25,1.5,9.75,1.75],"rotation":0,"texture":"#0","tintindex":0},"north":{"uv":[0.75,9.25,1.25,9.5],"rotation":0,"texture":"#0","tintindex":0},"west":{"uv":[9.25,2.0,9.75,2.25],"rotation":0,"texture":"#0","tintindex":0},"up":{"uv":[9.5,5.25,9.0,4.75],"rotation":0,"texture":"#0","tintindex":0},"down":{"uv":[9.5,5.25,9.0,5.75],"rotation":0,"texture":"#0","tintindex":0}}},{"from":[7.714286,6.290575,5.9061136],"to":[8.285714,6.862004,7.620399],"rotation":{"angle":-22.5,"axis":"x","origin":[6.857143,11.428572,7.428571]},"faces":{"east":{"uv":[6.5,6.0,7.25,6.25],"rotation":0,"texture":"#0","tintindex":0},"south":{"uv":[4.25,9.25,4.5,9.5],"rotation":0,"texture":"#0","tintindex":0},"north":{"uv":[4.0,9.25,4.25,9.5],"rotation":0,"texture":"#0","tintindex":0},"west":{"uv":[9.0,1.0,9.75,1.25],"rotation":0,"texture":"#0","tintindex":0},"up":{"uv":[9.25,8.75,9.0,8.0],"rotation":0,"texture":"#0","tintindex":0},"down":{"uv":[8.75,9.0,8.5,9.75],"rotation":0,"texture":"#0","tintindex":0}}}],"textures":{"0":"modelengine:entity/cavalier"},"display":{"head":{"translation":[0.0,-6.4,0.0],"scale":[4.0,4.0,4.0]}}}