{"elements":[{"from":[7.142857,7.0764136,4.5714283],"to":[8.857143,8.790699,8.0],"rotation":{"angle":0.0,"axis":"y","origin":[8.285714,7.6478424,8.571428]},"faces":{"east":{"uv":[8.6875,9.4375,8.3125,9.625],"rotation":0,"texture":"#2","tintindex":0},"south":{"uv":[9.6875,6.1875,9.5,6.375],"rotation":0,"texture":"#2","tintindex":0},"north":{"uv":[9.6875,6.0,9.5,6.1875],"rotation":0,"texture":"#2","tintindex":0},"west":{"uv":[2.0,9.4375,1.625,9.625],"rotation":0,"texture":"#2","tintindex":0},"up":{"uv":[8.4375,1.75,8.625,1.375],"rotation":0,"texture":"#2","tintindex":0},"down":{"uv":[6.3125,9.375,6.5,9.75],"rotation":0,"texture":"#2","tintindex":0}}},{"from":[7.142857,5.714286,3.9594917],"to":[8.857143,8.571428,5.6737776],"rotation":{"angle":22.5,"axis":"x","origin":[8.0,7.142857,4.816634]},"faces":{"east":{"uv":[4.25,9.5,4.0625,9.8125],"rotation":0,"texture":"#2","tintindex":0},"south":{"uv":[4.0625,9.5,3.875,9.8125],"rotation":0,"texture":"#2","tintindex":0},"north":{"uv":[9.6875,3.1875,9.5,3.5],"rotation":0,"texture":"#2","tintindex":0},"west":{"uv":[3.5,9.5,3.3125,9.8125],"rotation":0,"texture":"#2","tintindex":0},"up":{"uv":[9.5,7.3125,9.6875,7.125],"rotation":0,"texture":"#2","tintindex":0},"down":{"uv":[9.5,7.3125,9.6875,7.5],"rotation":0,"texture":"#2","tintindex":0}}},{"from":[7.142857,3.2939005,3.478047],"to":[8.857143,6.1510434,3.478047],"rotation":{"angle":0.0,"axis":"y","origin":[8.0,4.722472,3.478047]},"faces":{"east":{"uv":[0.0,0.0,0.0,0.3125],"rotation":0,"texture":"#2","tintindex":0},"south":{"uv":[9.5,5.1875,9.6875,5.5],"rotation":0,"texture":"#2","tintindex":0},"north":{"uv":[9.6875,5.1875,9.5,5.5],"rotation":0,"texture":"#2","tintindex":0},"west":{"uv":[0.0,0.0,0.0,0.3125],"rotation":0,"texture":"#2","tintindex":0},"up":{"uv":[0.0,0.0,0.1875,0.0],"rotation":0,"texture":"#2","tintindex":0},"down":{"uv":[0.0,0.0,0.1875,0.0],"rotation":0,"texture":"#2","tintindex":0}}}],"textures":{"2":"modelengine:entity/azriel"},"display":{"head":{"translation":[0.0,-6.4,0.0],"scale":[4.0,4.0,4.0]}}}