{"elements":[{"from":[7.714286,5.714286,6.857143],"to":[8.285714,8.0,8.0],"rotation":{"angle":0.0,"axis":"y","origin":[9.714286,5.142857,5.714286]},"faces":{"east":{"uv":[11.0,10.5,12.0,12.5],"rotation":0,"texture":"#0","tintindex":0},"south":{"uv":[12.0,12.5,12.5,14.5],"rotation":0,"texture":"#0","tintindex":0},"north":{"uv":[11.5,12.5,12.0,14.5],"rotation":0,"texture":"#0","tintindex":0},"west":{"uv":[11.5,0.0,12.5,2.0],"rotation":0,"texture":"#0","tintindex":0},"up":{"uv":[1.5,14.5,1.0,13.5],"rotation":0,"texture":"#0","tintindex":0},"down":{"uv":[14.0,1.0,13.5,2.0],"rotation":0,"texture":"#0","tintindex":0}}},{"from":[7.428571,5.142857,6.285714],"to":[8.571428,5.714286,8.571428],"rotation":{"angle":-45.0,"axis":"x","origin":[8.0,5.428571,7.428571]},"faces":{"east":{"uv":[12.5,12.5,14.5,13.0],"rotation":0,"texture":"#0","tintindex":0},"south":{"uv":[13.5,2.0,14.5,2.5],"rotation":0,"texture":"#0","tintindex":0},"north":{"uv":[1.5,13.5,2.5,14.0],"rotation":0,"texture":"#0","tintindex":0},"west":{"uv":[0.0,13.0,2.0,13.5],"rotation":0,"texture":"#0","tintindex":0},"up":{"uv":[3.0,13.5,2.0,11.5],"rotation":0,"texture":"#0","tintindex":0},"down":{"uv":[12.5,2.0,11.5,4.0],"rotation":0,"texture":"#0","tintindex":0}}}],"textures":{"0":"modelengine:entity/chameleon"},"display":{"head":{"translation":[0.0,-6.4,0.0],"scale":[4.0,4.0,4.0]}}}