{
	"credit": "Made with Blockbench",
	"texture_size": [64, 64],
	"textures": {
		"1": "littleroom_incubator:eggs/jelly_egg"
	},
	"elements": [
		{
			"from": [4.5, 2, 4],
			"to": [11.5, 9, 13],
			"rotation": {"angle": 0, "axis": "y", "origin": [7.5, 0, 8]},
			"faces": {
				"north": {"uv": [0, 3.5, 1.75, 5.25], "texture": "#1"},
				"east": {"uv": [0, 0, 2.25, 1.75], "texture": "#1"},
				"south": {"uv": [4, 0, 5.75, 1.75], "texture": "#1"},
				"west": {"uv": [0, 1.75, 2.25, 3.5], "texture": "#1"},
				"up": {"uv": [4, 2.25, 2.25, 0], "texture": "#1"},
				"down": {"uv": [4, 2.25, 2.25, 4.5], "texture": "#1"}
			}
		},
		{
			"from": [11.5, 2, 5],
			"to": [12.5, 9, 12],
			"rotation": {"angle": 0, "axis": "y", "origin": [7.5, 0, 8]},
			"faces": {
				"north": {"uv": [1.25, 7, 1.5, 8.75], "texture": "#1"},
				"east": {"uv": [4, 1.75, 5.75, 3.5], "texture": "#1"},
				"south": {"uv": [1.5, 7, 1.75, 8.75], "texture": "#1"},
				"west": {"uv": [4, 3.5, 5.75, 5.25], "texture": "#1"},
				"up": {"uv": [7, 8.75, 6.75, 7], "texture": "#1"},
				"down": {"uv": [7.25, 6.75, 7, 8.5], "texture": "#1"}
			}
		},
		{
			"from": [10.5, 9, 6],
			"to": [11.5, 12, 11],
			"rotation": {"angle": 0, "axis": "y", "origin": [7.5, 0, 8]},
			"faces": {
				"north": {"uv": [1.75, 3.5, 2, 4.25], "texture": "#1"},
				"east": {"uv": [5.75, 4.5, 7, 5.25], "texture": "#1"},
				"south": {"uv": [2, 3.5, 2.25, 4.25], "texture": "#1"},
				"west": {"uv": [3, 7, 4.25, 7.75], "texture": "#1"},
				"up": {"uv": [6, 9, 5.75, 7.75], "texture": "#1"},
				"down": {"uv": [6.25, 7.75, 6, 9], "texture": "#1"}
			}
		},
		{
			"from": [5.5, 9, 5],
			"to": [10.5, 12, 6],
			"rotation": {"angle": 0, "axis": "y", "origin": [7.5, 0, 8]},
			"faces": {
				"north": {"uv": [7, 3.75, 8.25, 4.5], "texture": "#1"},
				"east": {"uv": [3.5, 4.5, 3.75, 5.25], "texture": "#1"},
				"south": {"uv": [4.25, 7, 5.5, 7.75], "texture": "#1"},
				"west": {"uv": [3.75, 4.5, 4, 5.25], "texture": "#1"},
				"up": {"uv": [9, 7.5, 7.75, 7.25], "texture": "#1"},
				"down": {"uv": [9, 7.5, 7.75, 7.75], "texture": "#1"}
			}
		},
		{
			"from": [5.5, 8, 6],
			"to": [10.5, 14, 11],
			"rotation": {"angle": 0, "axis": "y", "origin": [7.5, 0, 8]},
			"faces": {
				"north": {"uv": [5.75, 0, 7, 1.5], "texture": "#1"},
				"east": {"uv": [5.75, 1.5, 7, 3], "texture": "#1"},
				"south": {"uv": [5.75, 3, 7, 4.5], "texture": "#1"},
				"west": {"uv": [1.75, 6.25, 3, 7.75], "texture": "#1"},
				"up": {"uv": [1.25, 8.25, 0, 7], "texture": "#1"},
				"down": {"uv": [8.25, 0, 7, 1.25], "texture": "#1"}
			}
		},
		{
			"from": [4.5, 9, 6],
			"to": [5.5, 12, 11],
			"rotation": {"angle": 0, "axis": "y", "origin": [7.5, 0, 8]},
			"faces": {
				"north": {"uv": [3, 6.25, 3.25, 7], "texture": "#1"},
				"east": {"uv": [7, 4.5, 8.25, 5.25], "texture": "#1"},
				"south": {"uv": [3.25, 6.25, 3.5, 7], "texture": "#1"},
				"west": {"uv": [7, 5.25, 8.25, 6], "texture": "#1"},
				"up": {"uv": [6.5, 9, 6.25, 7.75], "texture": "#1"},
				"down": {"uv": [6.75, 7.75, 6.5, 9], "texture": "#1"}
			}
		},
		{
			"from": [3.5, 2, 5],
			"to": [4.5, 9, 12],
			"rotation": {"angle": 0, "axis": "y", "origin": [7.5, 0, 8]},
			"faces": {
				"north": {"uv": [7.25, 6.75, 7.5, 8.5], "texture": "#1"},
				"east": {"uv": [1.75, 4.5, 3.5, 6.25], "texture": "#1"},
				"south": {"uv": [7.5, 6.75, 7.75, 8.5], "texture": "#1"},
				"west": {"uv": [0, 5.25, 1.75, 7], "texture": "#1"},
				"up": {"uv": [2, 9.5, 1.75, 7.75], "texture": "#1"},
				"down": {"uv": [2.25, 7.75, 2, 9.5], "texture": "#1"}
			}
		},
		{
			"from": [5.5, 9, 11],
			"to": [10.5, 12, 12],
			"rotation": {"angle": 0, "axis": "y", "origin": [7.5, 0, 8]},
			"faces": {
				"north": {"uv": [5.5, 7, 6.75, 7.75], "texture": "#1"},
				"east": {"uv": [4.75, 8, 5, 8.75], "texture": "#1"},
				"south": {"uv": [7, 6, 8.25, 6.75], "texture": "#1"},
				"west": {"uv": [5, 8, 5.25, 8.75], "texture": "#1"},
				"up": {"uv": [9, 8, 7.75, 7.75], "texture": "#1"},
				"down": {"uv": [3.5, 8, 2.25, 8.25], "texture": "#1"}
			}
		},
		{
			"from": [5.5, 0, 6],
			"to": [10.5, 1, 11],
			"rotation": {"angle": 0, "axis": "y", "origin": [7.5, 0, 8]},
			"faces": {
				"north": {"uv": [3.5, 8, 4.75, 8.25], "texture": "#1"},
				"east": {"uv": [7.75, 8, 9, 8.25], "texture": "#1"},
				"south": {"uv": [0, 8.25, 1.25, 8.5], "texture": "#1"},
				"west": {"uv": [8.25, 0, 9.5, 0.25], "texture": "#1"},
				"up": {"uv": [8.25, 2.5, 7, 1.25], "texture": "#1"},
				"down": {"uv": [8.25, 2.5, 7, 3.75], "texture": "#1"}
			}
		},
		{
			"from": [4.5, 1, 5],
			"to": [11.5, 2, 12],
			"rotation": {"angle": 0, "axis": "y", "origin": [7.5, 0, 8]},
			"faces": {
				"north": {"uv": [2.25, 7.75, 4, 8], "texture": "#1"},
				"east": {"uv": [4, 7.75, 5.75, 8], "texture": "#1"},
				"south": {"uv": [7.75, 6.75, 9.5, 7], "texture": "#1"},
				"west": {"uv": [7.75, 7, 9.5, 7.25], "texture": "#1"},
				"up": {"uv": [5.25, 7, 3.5, 5.25], "texture": "#1"},
				"down": {"uv": [7, 5.25, 5.25, 7], "texture": "#1"}
			}
		}
	],
	"gui_light": "front",
	"display": {
		"thirdperson_righthand": {
			"rotation": [41, 27, 0],
			"translation": [0, 6.25, 3],
			"scale": [0.75, 0.75, 0.75]
		},
		"thirdperson_lefthand": {
			"rotation": [41, 27, 0],
			"translation": [0, 6.25, 3],
			"scale": [0.75, 0.75, 0.75]
		},
		"firstperson_righthand": {
			"rotation": [2, -5, 0],
			"translation": [0, 5.5, -0.5],
			"scale": [0.75, 0.75, 0.75]
		},
		"firstperson_lefthand": {
			"rotation": [2, -5, 0],
			"translation": [0, 5.5, -0.5],
			"scale": [0.75, 0.75, 0.75]
		},
		"ground": {
			"rotation": [16, 0, 0],
			"translation": [0, 4.25, 0],
			"scale": [0.75, 0.75, 0.75]
		},
		"gui": {
			"rotation": [20, 62, 0],
			"translation": [0, 1.25, 0],
			"scale": [0.75, 0.75, 0.75]
		},
		"head": {
			"translation": [0, 11.5, 0],
			"scale": [0.65, 0.65, 0.65]
		},
		"fixed": {
			"rotation": [-90, 0, 0],
			"translation": [0, 0, -7.25]
		}
	}
}