{"elements":[{"from":[5.5714283,6.714286,8.571428],"to":[9.285714,9.857143,11.714286],"rotation":{"angle":0.0,"axis":"y","origin":[7.428571,5.714286,8.0]},"faces":{"east":{"uv":[2.5,7.5,5.0,10.0],"rotation":0,"texture":"#0","tintindex":0},"south":{"uv":[0.0,2.5,3.0,5.0],"rotation":0,"texture":"#0","tintindex":0},"north":{"uv":[0.0,0.0,3.0,2.5],"rotation":0,"texture":"#0","tintindex":0},"west":{"uv":[5.0,7.5,7.5,10.0],"rotation":0,"texture":"#0","tintindex":0},"up":{"uv":[6.0,2.5,3.0,0.0],"rotation":0,"texture":"#0","tintindex":0},"down":{"uv":[6.0,2.5,3.0,5.0],"rotation":0,"texture":"#0","tintindex":0}}},{"from":[9.428572,10.0,11.857143],"to":[5.428571,6.5714283,8.428572],"rotation":{"angle":0.0,"axis":"y","origin":[7.428571,5.714286,8.0]},"faces":{"east":{"uv":[15.5,15.5,16.0,16.0],"rotation":0,"texture":"#0","tintindex":0},"south":{"uv":[15.5,15.5,16.0,16.0],"rotation":0,"texture":"#0","tintindex":0},"north":{"uv":[15.5,15.5,16.0,16.0],"rotation":0,"texture":"#0","tintindex":0},"west":{"uv":[15.5,15.5,16.0,16.0],"rotation":0,"texture":"#0","tintindex":0},"up":{"uv":[15.5,15.5,16.0,16.0],"rotation":0,"texture":"#0","tintindex":0},"down":{"uv":[15.5,15.5,16.0,16.0],"rotation":0,"texture":"#0","tintindex":0}}}],"textures":{"0":"modelengine:entity/bunk_spiderling"},"display":{"head":{"translation":[0.0,-6.4,0.0],"scale":[4.0,4.0,4.0]}}}