{"elements":[{"from":[6.857143,9.428572,7.428571],"to":[9.142858,11.142858,8.571428],"rotation":{"angle":0.0,"axis":"y","origin":[8.0,8.0,8.0]},"faces":{"east":{"uv":[7.5,9.0,8.5,10.5],"rotation":0,"texture":"#0","tintindex":0},"south":{"uv":[7.5,6.5,9.5,8.0],"rotation":0,"texture":"#0","tintindex":0},"north":{"uv":[7.5,5.0,9.5,6.5],"rotation":0,"texture":"#0","tintindex":0},"west":{"uv":[8.5,9.0,9.5,10.5],"rotation":0,"texture":"#0","tintindex":0},"up":{"uv":[9.5,9.0,7.5,8.0],"rotation":0,"texture":"#0","tintindex":0},"down":{"uv":[10.5,0.0,8.5,1.0],"rotation":0,"texture":"#0","tintindex":0}}},{"from":[9.285714,11.285714,8.714286],"to":[6.714286,9.285714,7.285714],"rotation":{"angle":0.0,"axis":"y","origin":[8.0,8.0,8.0]},"faces":{"east":{"uv":[15.5,15.5,16.0,16.0],"rotation":0,"texture":"#0","tintindex":0},"south":{"uv":[15.5,15.0,16.0,15.5],"rotation":0,"texture":"#0","tintindex":0},"north":{"uv":[15.5,15.0,16.0,15.5],"rotation":0,"texture":"#0","tintindex":0},"west":{"uv":[15.5,15.5,16.0,16.0],"rotation":0,"texture":"#0","tintindex":0},"up":{"uv":[15.5,15.5,16.0,16.0],"rotation":0,"texture":"#0","tintindex":0},"down":{"uv":[15.5,15.5,16.0,16.0],"rotation":0,"texture":"#0","tintindex":0}}}],"textures":{"0":"modelengine:entity/bunk_spiderling"},"display":{"head":{"translation":[0.0,-6.4,0.0],"scale":[4.0,4.0,4.0]}}}