{"elements":[{"from":[7.428571,5.714286,7.428571],"to":[8.571428,8.0,8.571428],"rotation":{"angle":0.0,"axis":"y","origin":[6.5714283,5.714286,6.285714]},"faces":{"east":{"uv":[1.0,8.5,1.5,9.5],"rotation":0,"texture":"#0","tintindex":0},"south":{"uv":[1.5,8.5,2.0,9.5],"rotation":0,"texture":"#0","tintindex":0},"north":{"uv":[0.5,8.5,1.0,9.5],"rotation":0,"texture":"#0","tintindex":0},"west":{"uv":[8.5,1.5,9.0,2.5],"rotation":0,"texture":"#0","tintindex":0},"up":{"uv":[3.5,9.25,3.0,8.75],"rotation":0,"texture":"#0","tintindex":0},"down":{"uv":[4.0,8.75,3.5,9.25],"rotation":0,"texture":"#0","tintindex":0}}},{"from":[8.714286,8.142858,8.714286],"to":[7.285714,5.5714283,7.285714],"rotation":{"angle":0.0,"axis":"y","origin":[6.5714283,5.714286,6.285714]},"faces":{"east":{"uv":[15.75,15.75,16.0,16.0],"rotation":0,"texture":"#0","tintindex":0},"south":{"uv":[15.75,15.75,16.0,16.0],"rotation":0,"texture":"#0","tintindex":0},"north":{"uv":[15.75,15.75,16.0,16.0],"rotation":0,"texture":"#0","tintindex":0},"west":{"uv":[15.75,15.75,16.0,16.0],"rotation":0,"texture":"#0","tintindex":0},"up":{"uv":[15.75,15.75,16.0,16.0],"rotation":0,"texture":"#0","tintindex":0},"down":{"uv":[15.75,15.75,16.0,16.0],"rotation":0,"texture":"#0","tintindex":0}}}],"textures":{"0":"modelengine:entity/baby_hatchling"},"display":{"head":{"translation":[0.0,-6.4,0.0],"scale":[4.0,4.0,4.0]}}}