{"elements":[{"from":[7.428571,5.714286,7.428571],"to":[8.571428,8.0,8.571428],"rotation":{"angle":0.0,"axis":"y","origin":[6.285714,4.0,13.714286]},"faces":{"east":{"uv":[7.0,8.25,7.5,9.25],"rotation":0,"texture":"#0","tintindex":0},"south":{"uv":[7.5,8.25,8.0,9.25],"rotation":0,"texture":"#0","tintindex":0},"north":{"uv":[6.5,8.25,7.0,9.25],"rotation":0,"texture":"#0","tintindex":0},"west":{"uv":[0.0,8.5,0.5,9.5],"rotation":0,"texture":"#0","tintindex":0},"up":{"uv":[5.25,9.0,4.75,8.5],"rotation":0,"texture":"#0","tintindex":0},"down":{"uv":[5.75,8.5,5.25,9.0],"rotation":0,"texture":"#0","tintindex":0}}},{"from":[8.714286,8.0,8.714286],"to":[7.285714,5.714286,7.285714],"rotation":{"angle":0.0,"axis":"y","origin":[6.285714,4.0,13.714286]},"faces":{"east":{"uv":[15.75,15.6875,16.0,16.0],"rotation":0,"texture":"#0","tintindex":0},"south":{"uv":[15.75,15.75,16.0,16.0],"rotation":0,"texture":"#0","tintindex":0},"north":{"uv":[15.75,15.75,16.0,16.0],"rotation":0,"texture":"#0","tintindex":0},"west":{"uv":[15.75,15.75,16.0,16.0],"rotation":0,"texture":"#0","tintindex":0},"up":{"uv":[15.75,15.5,16.0,15.75],"rotation":0,"texture":"#0","tintindex":0},"down":{"uv":[15.75,15.5,16.0,15.75],"rotation":0,"texture":"#0","tintindex":0}}}],"textures":{"0":"modelengine:entity/baby_hatchling"},"display":{"head":{"translation":[0.0,-6.4,0.0],"scale":[4.0,4.0,4.0]}}}