{"elements":[{"from":[7.428571,7.5714283,6.285714],"to":[8.571428,8.142858,8.0],"rotation":{"angle":0.0,"axis":"y","origin":[8.0,5.285714,13.142858]},"faces":{"east":{"uv":[11.25,0.0,12.0,0.25],"rotation":0,"texture":"#0","tintindex":0},"south":{"uv":[10.75,0.75,11.25,1.0],"rotation":0,"texture":"#0","tintindex":0},"north":{"uv":[10.25,0.75,10.75,1.0],"rotation":0,"texture":"#0","tintindex":0},"west":{"uv":[11.25,0.25,12.0,0.5],"rotation":0,"texture":"#0","tintindex":0},"up":{"uv":[10.75,0.0,11.25,0.75],"rotation":0,"texture":"#0","tintindex":0},"down":{"uv":[10.25,0.0,10.75,0.75],"rotation":0,"texture":"#0","tintindex":0}}},{"from":[8.714286,8.285714,8.142858],"to":[7.285714,7.428571,6.142857],"rotation":{"angle":0.0,"axis":"y","origin":[8.0,5.285714,13.142858]},"faces":{"east":{"uv":[15.75,15.75,16.0,16.0],"rotation":0,"texture":"#0","tintindex":0},"south":{"uv":[15.75,15.75,16.0,16.0],"rotation":0,"texture":"#0","tintindex":0},"north":{"uv":[15.75,15.75,16.0,16.0],"rotation":0,"texture":"#0","tintindex":0},"west":{"uv":[15.75,15.75,16.0,16.0],"rotation":0,"texture":"#0","tintindex":0},"up":{"uv":[15.75,15.75,16.0,16.0],"rotation":0,"texture":"#0","tintindex":0},"down":{"uv":[15.75,15.75,16.0,16.0],"rotation":0,"texture":"#0","tintindex":0}}}],"textures":{"0":"modelengine:entity/baby_hatchling"},"display":{"head":{"translation":[0.0,-6.4,0.0],"scale":[4.0,4.0,4.0]}}}