{"elements":[{"from":[3.4285712,-12.273277,6.5871964],"to":[12.571428,-12.273277,13.44434],"rotation":{"angle":22.5,"axis":"x","origin":[8.0,-12.273277,10.015768]},"faces":{"east":{"uv":[3.0,0.0,0.0,0.0],"rotation":0,"texture":"#0","tintindex":0},"south":{"uv":[4.0,0.0,0.0,0.0],"rotation":0,"texture":"#0","tintindex":0},"north":{"uv":[4.0,0.0,0.0,0.0],"rotation":0,"texture":"#0","tintindex":0},"west":{"uv":[3.0,0.0,0.0,0.0],"rotation":0,"texture":"#0","tintindex":0},"up":{"uv":[8.0,5.75,4.0,8.75],"rotation":0,"texture":"#0","tintindex":0},"down":{"uv":[4.0,8.75,8.0,5.75],"rotation":0,"texture":"#0","tintindex":0}}},{"from":[3.4285712,-13.817835,7.9906855],"to":[12.571428,-0.6749773,7.9906855],"rotation":{"angle":-22.5,"axis":"x","origin":[8.0,-13.817835,7.9906855]},"faces":{"east":{"uv":[0.0,0.0,0.0,5.75],"rotation":0,"texture":"#0","tintindex":0},"south":{"uv":[0.0,2.25,4.0,8.0],"rotation":0,"texture":"#0","tintindex":0},"north":{"uv":[4.0,2.25,0.0,8.0],"rotation":0,"texture":"#0","tintindex":0},"west":{"uv":[0.0,0.0,0.0,5.75],"rotation":0,"texture":"#0","tintindex":0},"up":{"uv":[0.0,0.0,4.0,0.0],"rotation":0,"texture":"#0","tintindex":0},"down":{"uv":[0.0,0.0,4.0,0.0],"rotation":0,"texture":"#0","tintindex":0}}},{"from":[3.4285712,-2.4285717,1.1428566],"to":[12.571428,2.7142854,1.1428566],"rotation":{"angle":-45.0,"axis":"x","origin":[8.0,0.1428566,1.1428566]},"faces":{"east":{"uv":[0.0,0.0,0.0,2.25],"rotation":0,"texture":"#0","tintindex":0},"south":{"uv":[0.0,0.0,4.0,2.25],"rotation":0,"texture":"#0","tintindex":0},"north":{"uv":[4.0,0.0,0.0,2.25],"rotation":0,"texture":"#0","tintindex":0},"west":{"uv":[0.0,0.0,0.0,2.25],"rotation":0,"texture":"#0","tintindex":0},"up":{"uv":[0.0,0.0,4.0,0.0],"rotation":0,"texture":"#0","tintindex":0},"down":{"uv":[0.0,0.0,4.0,0.0],"rotation":0,"texture":"#0","tintindex":0}}}],"textures":{"0":"modelengine:entity/bufo_bufo_splash"},"display":{"head":{"translation":[0.0,-6.4,0.0],"scale":[4.0,4.0,4.0]}}}