{"elements":[{"from":[5.8730993,3.0528808,5.714286],"to":[5.8730993,9.910025,11.428572],"rotation":{"angle":-22.5,"axis":"z","origin":[5.8730993,5.6243095,8.285714]},"faces":{"east":{"uv":[8.3125,4.0,8.9375,4.75],"rotation":0,"texture":"#2","tintindex":0},"south":{"uv":[0.0,0.0,0.0,0.75],"rotation":0,"texture":"#2","tintindex":0},"north":{"uv":[0.0,0.0,0.0,0.75],"rotation":0,"texture":"#2","tintindex":0},"west":{"uv":[1.0,8.375,1.625,9.125],"rotation":0,"texture":"#2","tintindex":0},"up":{"uv":[0.0,0.625,0.0,0.0],"rotation":0,"texture":"#2","tintindex":0},"down":{"uv":[0.0,0.0,0.0,0.625],"rotation":0,"texture":"#2","tintindex":0}}},{"from":[7.428571,1.1428566,5.142857],"to":[9.142858,8.0,10.285714],"rotation":{"angle":0.0,"axis":"y","origin":[8.0,4.5714283,5.714286]},"faces":{"east":{"uv":[8.4375,6.375,9.0,7.125],"rotation":0,"texture":"#2","tintindex":0},"south":{"uv":[2.4375,9.3125,2.625,10.0625],"rotation":0,"texture":"#2","tintindex":0},"north":{"uv":[1.4375,9.125,1.625,9.875],"rotation":0,"texture":"#2","tintindex":0},"west":{"uv":[7.25,8.5,7.8125,9.25],"rotation":0,"texture":"#2","tintindex":0},"up":{"uv":[5.8125,9.875,5.625,9.3125],"rotation":0,"texture":"#2","tintindex":0},"down":{"uv":[6.0,9.3125,5.8125,9.875],"rotation":0,"texture":"#2","tintindex":0}}}],"textures":{"2":"modelengine:entity/azriel"},"display":{"head":{"translation":[0.0,-6.4,0.0],"scale":[4.0,4.0,4.0]}}}