{"elements":[{"from":[7.714286,7.428571,7.0],"to":[8.285714,8.571428,11.0],"rotation":{"angle":0.0,"axis":"y","origin":[4.714286,11.2419195,8.285714]},"faces":{"east":{"uv":[6.5,2.0,8.25,2.5],"rotation":0,"texture":"#1","tintindex":0},"south":{"uv":[1.25,5.75,1.5,6.25],"rotation":0,"texture":"#1","tintindex":0},"north":{"uv":[5.0,2.5,5.25,3.0],"rotation":0,"texture":"#1","tintindex":0},"west":{"uv":[7.25,6.75,9.0,7.25],"rotation":0,"texture":"#1","tintindex":0},"up":{"uv":[2.75,9.75,2.5,8.0],"rotation":0,"texture":"#1","tintindex":0},"down":{"uv":[3.0,8.0,2.75,9.75],"rotation":0,"texture":"#1","tintindex":0}}},{"from":[7.714286,6.5714283,6.428571],"to":[8.285714,9.428572,7.0],"rotation":{"angle":0.0,"axis":"y","origin":[4.714286,11.2419195,8.285714]},"faces":{"east":{"uv":[2.25,8.75,2.5,10.0],"rotation":0,"texture":"#1","tintindex":0},"south":{"uv":[3.5,8.75,3.75,10.0],"rotation":0,"texture":"#1","tintindex":0},"north":{"uv":[4.5,8.5,4.75,9.75],"rotation":0,"texture":"#1","tintindex":0},"west":{"uv":[4.75,8.75,5.0,10.0],"rotation":0,"texture":"#1","tintindex":0},"up":{"uv":[1.5,9.5,1.25,9.25],"rotation":0,"texture":"#1","tintindex":0},"down":{"uv":[9.5,2.25,9.25,2.5],"rotation":0,"texture":"#1","tintindex":0}}},{"from":[7.714286,7.142857,1.2857141],"to":[8.285714,8.857143,6.428571],"rotation":{"angle":0.0,"axis":"y","origin":[4.714286,11.2419195,8.285714]},"faces":{"east":{"uv":[7.5,2.5,5.25,3.25],"rotation":0,"texture":"#1","tintindex":0},"south":{"uv":[9.0,5.75,9.25,6.5],"rotation":0,"texture":"#1","tintindex":0},"north":{"uv":[7.5,3.5,7.75,4.25],"rotation":0,"texture":"#1","tintindex":0},"west":{"uv":[5.25,2.5,7.5,3.25],"rotation":0,"texture":"#1","tintindex":0},"up":{"uv":[4.0,10.0,3.75,7.75],"rotation":0,"texture":"#1","tintindex":0},"down":{"uv":[1.75,8.0,1.5,10.25],"rotation":0,"texture":"#1","tintindex":0}}},{"from":[7.714286,7.714286,0.7142854],"to":[8.285714,8.285714,1.2857141],"rotation":{"angle":0.0,"axis":"y","origin":[4.714286,11.2419195,8.285714]},"faces":{"east":{"uv":[9.25,3.25,9.5,3.5],"rotation":0,"texture":"#1","tintindex":0},"south":{"uv":[9.25,3.0,9.5,3.25],"rotation":0,"texture":"#1","tintindex":0},"north":{"uv":[9.25,2.5,9.5,2.75],"rotation":0,"texture":"#1","tintindex":0},"west":{"uv":[9.25,3.25,9.5,3.5],"rotation":0,"texture":"#1","tintindex":0},"up":{"uv":[9.5,3.75,9.25,3.5],"rotation":0,"texture":"#1","tintindex":0},"down":{"uv":[9.5,3.75,9.25,4.0],"rotation":0,"texture":"#1","tintindex":0}}},{"from":[7.9994287,0.28571415,0.7142854],"to":[7.9994287,7.714286,8.714286],"rotation":{"angle":0.0,"axis":"y","origin":[8.285143,-4.000001,8.142858]},"faces":{"east":{"uv":[0.0,6.5,7.0,0.0],"rotation":0,"texture":"#2","tintindex":0},"south":{"uv":[0.0,6.5,0.0,0.0],"rotation":0,"texture":"#2","tintindex":0},"north":{"uv":[0.0,6.5,0.0,0.0],"rotation":0,"texture":"#2","tintindex":0},"west":{"uv":[7.0,6.5,0.0,0.0],"rotation":0,"texture":"#2","tintindex":0},"up":{"uv":[0.0,7.0,0.0,0.0],"rotation":0,"texture":"#2","tintindex":0},"down":{"uv":[0.0,0.0,0.0,7.0],"rotation":0,"texture":"#2","tintindex":0}}}],"textures":{"1":"modelengine:entity/cavalier","2":"modelengine:entity/cavalier_parts"},"display":{"head":{"translation":[0.0,-6.4,0.0],"scale":[4.0,4.0,4.0]}}}