{"elements":[{"from":[4.5714283,6.285714,-14.857143],"to":[10.857143,9.142858,7.428571],"rotation":{"angle":0.0,"axis":"y","origin":[7.428571,6.285714,33.714287]},"faces":{"east":{"uv":[13.75,0.0,8.875,0.625],"rotation":0,"texture":"#0","tintindex":0},"south":{"uv":[3.375,10.375,4.75,11.0],"rotation":0,"texture":"#0","tintindex":0},"north":{"uv":[2.0,10.375,3.375,11.0],"rotation":0,"texture":"#0","tintindex":0},"west":{"uv":[8.875,0.0,13.75,0.625],"rotation":0,"texture":"#0","tintindex":0},"up":{"uv":[4.125,4.875,2.75,0.0],"rotation":0,"texture":"#0","tintindex":0},"down":{"uv":[4.125,0.0,2.75,4.875],"rotation":0,"texture":"#0","tintindex":0}}}],"textures":{"0":"modelengine:entity/bufo_bufo_tongue"},"display":{"head":{"translation":[0.0,-6.4,0.0],"scale":[4.0,4.0,4.0]}}}