{"elements":[{"from":[4.5714283,6.285714,-14.857143],"to":[10.857143,9.142858,7.428571],"rotation":{"angle":0.0,"axis":"y","origin":[7.428571,6.285714,33.714287]},"faces":{"east":{"uv":[13.75,1.25,8.875,1.875],"rotation":0,"texture":"#0","tintindex":0},"south":{"uv":[10.625,4.375,12.0,5.0],"rotation":0,"texture":"#0","tintindex":0},"north":{"uv":[4.75,10.375,6.125,11.0],"rotation":0,"texture":"#0","tintindex":0},"west":{"uv":[8.875,1.25,13.75,1.875],"rotation":0,"texture":"#0","tintindex":0},"up":{"uv":[1.375,9.75,0.0,4.875],"rotation":0,"texture":"#0","tintindex":0},"down":{"uv":[1.375,4.875,0.0,9.75],"rotation":0,"texture":"#0","tintindex":0}}}],"textures":{"0":"modelengine:entity/bufo_bufo_tongue"},"display":{"head":{"translation":[0.0,-6.4,0.0],"scale":[4.0,4.0,4.0]}}}