{
	"credit": "Made with Blockbench",
	"texture_size": [128, 128],
	"textures": {
		"3": "modelengine:entity/gp2_goblin_warrior_parts"
	},
	"elements": [
		{
			"from": [7.3, 2.21196, 7.55312],
			"to": [8.9, 9.41196, 9.15312],
			"rotation": {"angle": 0, "axis": "x", "origin": [7.11794, 3.02942, 6.58254]},
			"faces": {
				"north": {"uv": [4.75, 9.75, 4.5, 10.875], "rotation": 180, "texture": "#3"},
				"east": {"uv": [9.625, 0, 10.75, 0.25], "rotation": 270, "texture": "#3"},
				"south": {"uv": [2.125, 10.875, 1.875, 9.75], "texture": "#3"},
				"west": {"uv": [3.375, 9.875, 4.5, 10.125], "rotation": 90, "texture": "#3"},
				"up": {"uv": [5.625, 10.875, 5.875, 11.125], "rotation": 180, "texture": "#3"},
				"down": {"uv": [5.875, 10.875, 6.125, 11.125], "texture": "#3"}
			}
		},
		{
			"from": [7.7, 9.41196, 5.15312],
			"to": [8.5, 20.61196, 9.15312],
			"rotation": {"angle": 0, "axis": "x", "origin": [7.11794, 3.02942, 6.58254]},
			"faces": {
				"north": {"uv": [10, 10.125, 9.875, 11.875], "rotation": 180, "texture": "#3"},
				"east": {"uv": [5.625, 3, 7.375, 3.625], "rotation": 270, "texture": "#3"},
				"south": {"uv": [4.5, 11.875, 4.375, 10.125], "texture": "#3"},
				"west": {"uv": [5.75, 0, 7.5, 0.625], "rotation": 90, "texture": "#3"},
				"up": {"uv": [1.125, 2.5, 1.25, 3.125], "rotation": 180, "texture": "#3"},
				"down": {"uv": [4.75, 9.75, 4.875, 10.375], "texture": "#3"}
			}
		},
		{
			"from": [7.7, 20.61196, 5.95312],
			"to": [8.5, 22.21196, 9.15312],
			"rotation": {"angle": 0, "axis": "x", "origin": [7.11794, 3.02942, 6.58254]},
			"faces": {
				"north": {"uv": [7.25, 10.875, 7.125, 11.125], "rotation": 180, "texture": "#3"},
				"east": {"uv": [5.625, 3.625, 5.875, 4.125], "rotation": 270, "texture": "#3"},
				"south": {"uv": [7.125, 11.125, 7, 10.875], "texture": "#3"},
				"west": {"uv": [5.75, 1.5, 6, 2], "rotation": 90, "texture": "#3"},
				"up": {"uv": [3.875, 10.875, 4, 11.375], "rotation": 180, "texture": "#3"},
				"down": {"uv": [6.125, 10.875, 6.25, 11.375], "texture": "#3"}
			}
		},
		{
			"from": [7.7, 22.21196, 7.55312],
			"to": [8.5, 23.01196, 9.15312],
			"rotation": {"angle": 0, "axis": "x", "origin": [7.11794, 3.02942, 6.58254]},
			"faces": {
				"north": {"uv": [4.5, 9.75, 4.375, 9.875], "rotation": 180, "texture": "#3"},
				"east": {"uv": [7.375, 10.875, 7.5, 11.125], "rotation": 270, "texture": "#3"},
				"south": {"uv": [8.625, 9.625, 8.5, 9.5], "texture": "#3"},
				"west": {"uv": [7.75, 10.875, 7.875, 11.125], "rotation": 90, "texture": "#3"},
				"up": {"uv": [7.25, 10.875, 7.375, 11.125], "rotation": 180, "texture": "#3"},
				"down": {"uv": [7.625, 10.875, 7.75, 11.125], "texture": "#3"}
			}
		}
	],
	"gui_light": "front",
	"display": {
		"thirdperson_righthand": {
			"rotation": [0, 19, 0],
			"translation": [0, -1.25, 2]
		},
		"thirdperson_lefthand": {
			"rotation": [0, 19, 0],
			"translation": [0, -1.25, 2]
		},
		"firstperson_righthand": {
			"rotation": [-26, 1, 0],
			"translation": [1.5, -1, 0]
		},
		"firstperson_lefthand": {
			"rotation": [-26, 1, 0],
			"translation": [1.5, -1, 0]
		},
		"ground": {
			"rotation": [40, 0, 0],
			"translation": [0, 4, 0],
			"scale": [0.8, 0.8, 0.8]
		},
		"gui": {
			"rotation": [-62, -36, -67],
			"translation": [-2.25, -2.25, 0],
			"scale": [0.65, 0.65, 0.65]
		}
	},
	"groups": [
		{
			"name": "knife",
			"origin": [10, 5.875, 16.5],
			"color": 0,
			"children": [0, 1, 2, 3]
		}
	]
}