{"elements":[{"from":[8.285714,6.285714,6.0],"to":[11.142858,8.0,7.714286],"rotation":{"angle":45.0,"axis":"y","origin":[10.571428,8.0,6.857143]},"faces":{"east":{"uv":[6.5,14.25,7.25,15.0],"rotation":0,"texture":"#0","tintindex":0},"south":{"uv":[6.25,13.5,7.5,14.25],"rotation":0,"texture":"#0","tintindex":0},"north":{"uv":[5.0,13.5,6.25,14.25],"rotation":0,"texture":"#0","tintindex":0},"west":{"uv":[7.25,14.25,8.0,15.0],"rotation":0,"texture":"#0","tintindex":0},"up":{"uv":[8.75,14.25,7.5,13.5],"rotation":0,"texture":"#0","tintindex":0},"down":{"uv":[10.0,13.5,8.75,14.25],"rotation":0,"texture":"#0","tintindex":0}}},{"from":[11.142858,6.285714,6.0],"to":[13.428572,6.285714,7.714286],"rotation":{"angle":45.0,"axis":"y","origin":[10.571428,8.0,6.857143]},"faces":{"east":{"uv":[0.0,0.0,0.75,0.0],"rotation":0,"texture":"#0","tintindex":0},"south":{"uv":[0.0,0.0,1.0,0.0],"rotation":0,"texture":"#0","tintindex":0},"north":{"uv":[0.0,0.0,1.0,0.0],"rotation":0,"texture":"#0","tintindex":0},"west":{"uv":[0.0,0.0,0.75,0.0],"rotation":0,"texture":"#0","tintindex":0},"up":{"uv":[15.0,14.25,14.0,13.5],"rotation":0,"texture":"#0","tintindex":0},"down":{"uv":[1.0,14.25,0.0,15.0],"rotation":0,"texture":"#0","tintindex":0}}},{"from":[4.8571424,6.285714,6.0],"to":[7.714286,8.0,7.714286],"rotation":{"angle":-45.0,"axis":"y","origin":[5.428571,8.0,6.857143]},"faces":{"east":{"uv":[5.0,14.25,5.75,15.0],"rotation":0,"texture":"#0","tintindex":0},"south":{"uv":[1.25,13.5,2.5,14.25],"rotation":0,"texture":"#0","tintindex":0},"north":{"uv":[0.0,13.5,1.25,14.25],"rotation":0,"texture":"#0","tintindex":0},"west":{"uv":[5.75,14.25,6.5,15.0],"rotation":0,"texture":"#0","tintindex":0},"up":{"uv":[3.75,14.25,2.5,13.5],"rotation":0,"texture":"#0","tintindex":0},"down":{"uv":[5.0,13.5,3.75,14.25],"rotation":0,"texture":"#0","tintindex":0}}},{"from":[2.5714283,6.285714,6.0],"to":[4.8571424,6.285714,7.714286],"rotation":{"angle":-45.0,"axis":"y","origin":[5.428571,8.0,6.857143]},"faces":{"east":{"uv":[0.0,0.0,0.75,0.0],"rotation":0,"texture":"#0","tintindex":0},"south":{"uv":[0.0,0.0,1.0,0.0],"rotation":0,"texture":"#0","tintindex":0},"north":{"uv":[0.0,0.0,1.0,0.0],"rotation":0,"texture":"#0","tintindex":0},"west":{"uv":[0.0,0.0,0.75,0.0],"rotation":0,"texture":"#0","tintindex":0},"up":{"uv":[15.0,13.5,14.0,12.75],"rotation":0,"texture":"#0","tintindex":0},"down":{"uv":[14.0,14.0,13.0,14.75],"rotation":0,"texture":"#0","tintindex":0}}}],"textures":{"0":"modelengine:entity/bufo_bufo_youngling"},"display":{"head":{"translation":[0.0,-6.4,0.0],"scale":[4.0,4.0,4.0]}}}