{"elements":[{"from":[2.2857141,8.0,8.0],"to":[14.285715,23.428572,8.0],"rotation":{"angle":0.0,"axis":"y","origin":[9.714286,12.0,12.571428]},"faces":{"east":{"uv":[0.0,0.0,0.0,6.75],"rotation":0,"texture":"#3","tintindex":0},"south":{"uv":[0.0,0.0,5.25,6.75],"rotation":0,"texture":"#3","tintindex":0},"north":{"uv":[5.25,0.0,0.0,6.75],"rotation":0,"texture":"#3","tintindex":0},"west":{"uv":[0.0,0.0,0.0,6.75],"rotation":0,"texture":"#3","tintindex":0},"up":{"uv":[0.0,0.0,5.25,0.0],"rotation":0,"texture":"#3","tintindex":0},"down":{"uv":[0.0,0.0,5.25,0.0],"rotation":0,"texture":"#3","tintindex":0}}}],"textures":{"3":"modelengine:entity/bufo_bufo_youngling"},"display":{"head":{"translation":[0.0,-6.4,0.0],"scale":[4.0,4.0,4.0]}}}