{"elements":[{"from":[5.714286,7.428571,3.4285712],"to":[10.285714,8.571428,9.714286],"rotation":{"angle":0.0,"axis":"y","origin":[6.857143,6.857143,7.428571]},"faces":{"east":{"uv":[5.30625,3.69375,4.63125,3.80625],"rotation":0,"texture":"#0","tintindex":0},"south":{"uv":[5.80625,3.69375,5.31875,3.80625],"rotation":0,"texture":"#0","tintindex":0},"north":{"uv":[5.80625,3.56875,5.31875,3.68125],"rotation":0,"texture":"#0","tintindex":0},"west":{"uv":[5.30625,3.56875,4.63125,3.68125],"rotation":0,"texture":"#0","tintindex":0},"up":{"uv":[9.88125,9.43125,10.36875,8.75625],"rotation":0,"texture":"#0","tintindex":0},"down":{"uv":[9.94375,4.19375,10.43125,4.86875],"rotation":0,"texture":"#0","tintindex":0}}},{"from":[4.5714283,7.428571,0.5714283],"to":[11.428572,7.428571,9.714286],"rotation":{"angle":0.0,"axis":"y","origin":[6.857143,6.857143,7.428571]},"faces":{"east":{"uv":[1.00625,0.00625,0.00625,0.00625],"rotation":0,"texture":"#0","tintindex":0},"south":{"uv":[0.75625,0.00625,0.00625,0.00625],"rotation":0,"texture":"#0","tintindex":0},"north":{"uv":[0.75625,0.00625,0.00625,0.00625],"rotation":0,"texture":"#0","tintindex":0},"west":{"uv":[1.00625,0.00625,0.00625,0.00625],"rotation":0,"texture":"#0","tintindex":0},"up":{"uv":[0.00625,8.31875,0.75625,7.31875],"rotation":0,"texture":"#0","tintindex":0},"down":{"uv":[0.75625,7.31875,1.50625,8.31875],"rotation":0,"texture":"#0","tintindex":0}}},{"from":[4.5714283,8.193982,-3.2765493],"to":[11.428572,8.193982,0.72345066],"rotation":{"angle":22.5,"axis":"x","origin":[8.0,8.193982,-1.2765493]},"faces":{"east":{"uv":[1.0,1.13125,0.0,1.13125],"rotation":0,"texture":"#0","tintindex":0},"south":{"uv":[0.75,1.13125,0.0,1.13125],"rotation":0,"texture":"#0","tintindex":0},"north":{"uv":[0.75,1.13125,0.0,1.13125],"rotation":0,"texture":"#0","tintindex":0},"west":{"uv":[1.0,1.13125,0.0,1.13125],"rotation":0,"texture":"#0","tintindex":0},"up":{"uv":[0.0,8.88125,0.75,8.44375],"rotation":0,"texture":"#0","tintindex":0},"down":{"uv":[0.75,8.44375,1.5,8.88125],"rotation":0,"texture":"#0","tintindex":0}}}],"textures":{"0":"modelengine:entity/bufo_bufo"},"display":{"head":{"translation":[0.0,-6.4,0.0],"scale":[4.0,4.0,4.0]}}}