{
	"credit": "Made with Blockbench",
	"texture_size": [64, 64],
	"textures": {
		"2": "modelengine:entity/lrd_incubator"
	},
	"elements": [
		{
			"from": [4, 10, 4],
			"to": [12, 12, 12],
			"rotation": {"angle": 0, "axis": "y", "origin": [8, 0, 8]},
			"faces": {
				"north": {"uv": [12, 11.25, 14, 11.75], "texture": "#2"},
				"east": {"uv": [12, 12.5, 14, 13], "texture": "#2"},
				"south": {"uv": [0, 13, 2, 13.5], "texture": "#2"},
				"west": {"uv": [2, 13, 4, 13.5], "texture": "#2"},
				"up": {"uv": [11.5, 7, 9.5, 5], "texture": "#2"},
				"down": {"uv": [11.5, 7, 9.5, 9], "texture": "#2"}
			}
		},
		{
			"from": [1, 0, 1],
			"to": [15, 2, 15],
			"rotation": {"angle": 0, "axis": "y", "origin": [8, 0, 8]},
			"faces": {
				"north": {"uv": [12, 0.75, 15.5, 1.25], "texture": "#2"},
				"east": {"uv": [12, 1.25, 15.5, 1.75], "texture": "#2"},
				"south": {"uv": [12, 1.75, 15.5, 2.25], "texture": "#2"},
				"west": {"uv": [12, 2.25, 15.5, 2.75], "texture": "#2"},
				"up": {"uv": [3.5, 3.5, 0, 0], "texture": "#2"},
				"down": {"uv": [3.5, 3.5, 0, 7], "texture": "#2"}
			}
		},
		{
			"from": [3, 2, 3],
			"to": [13, 5, 13],
			"rotation": {"angle": 0, "axis": "y", "origin": [8, 0, 8]},
			"faces": {
				"north": {"uv": [11.5, 8.25, 14, 9], "texture": "#2"},
				"east": {"uv": [9, 11.75, 11.5, 12.5], "texture": "#2"},
				"south": {"uv": [11.5, 11.75, 14, 12.5], "texture": "#2"},
				"west": {"uv": [12, 0, 14.5, 0.75], "texture": "#2"},
				"up": {"uv": [12, 2.5, 9.5, 0], "texture": "#2"},
				"down": {"uv": [12, 2.5, 9.5, 5], "texture": "#2"}
			}
		},
		{
			"from": [14, 0, 5],
			"to": [16, 9, 7],
			"rotation": {"angle": 0, "axis": "y", "origin": [8, 0, 8]},
			"faces": {
				"north": {"uv": [12, 9, 12.5, 11.25], "texture": "#2"},
				"east": {"uv": [9, 12.5, 9.5, 14.75], "texture": "#2"},
				"south": {"uv": [12.5, 9, 13, 11.25], "texture": "#2"},
				"west": {"uv": [9.5, 12.5, 10, 14.75], "texture": "#2"},
				"up": {"uv": [3.5, 7.5, 3, 7], "texture": "#2"},
				"down": {"uv": [3.5, 7.5, 3, 8], "texture": "#2"}
			}
		},
		{
			"from": [14, 0, 9],
			"to": [16, 9, 11],
			"rotation": {"angle": 0, "axis": "y", "origin": [8, 0, 8]},
			"faces": {
				"north": {"uv": [12, 9, 12.5, 11.25], "texture": "#2"},
				"east": {"uv": [9, 12.5, 9.5, 14.75], "texture": "#2"},
				"south": {"uv": [12.5, 9, 13, 11.25], "texture": "#2"},
				"west": {"uv": [9.5, 12.5, 10, 14.75], "texture": "#2"},
				"up": {"uv": [3.5, 7.5, 3, 7], "texture": "#2"},
				"down": {"uv": [3.5, 7.5, 3, 8], "texture": "#2"}
			}
		},
		{
			"from": [0, 0, 9],
			"to": [2, 9, 11],
			"rotation": {"angle": 0, "axis": "y", "origin": [8, 0, 8]},
			"faces": {
				"north": {"uv": [12.5, 9, 12, 11.25], "texture": "#2"},
				"east": {"uv": [10, 12.5, 9.5, 14.75], "texture": "#2"},
				"south": {"uv": [13, 9, 12.5, 11.25], "texture": "#2"},
				"west": {"uv": [9.5, 12.5, 9, 14.75], "texture": "#2"},
				"up": {"uv": [3, 7.5, 3.5, 7], "texture": "#2"},
				"down": {"uv": [3, 7.5, 3.5, 8], "texture": "#2"}
			}
		},
		{
			"from": [0, 0, 5],
			"to": [2, 9, 7],
			"rotation": {"angle": 0, "axis": "y", "origin": [8, 0, 8]},
			"faces": {
				"north": {"uv": [12.5, 9, 12, 11.25], "texture": "#2"},
				"east": {"uv": [10, 12.5, 9.5, 14.75], "texture": "#2"},
				"south": {"uv": [13, 9, 12.5, 11.25], "texture": "#2"},
				"west": {"uv": [9.5, 12.5, 9, 14.75], "texture": "#2"},
				"up": {"uv": [3, 7.5, 3.5, 7], "texture": "#2"},
				"down": {"uv": [3, 7.5, 3.5, 8], "texture": "#2"}
			}
		},
		{
			"from": [2, 10, 2],
			"to": [14, 21, 14],
			"rotation": {"angle": 0, "axis": "y", "origin": [8, 0, 8]},
			"faces": {
				"north": {"uv": [0, 7, 3, 9.75], "texture": "#2"},
				"east": {"uv": [3, 9, 6, 11.75], "texture": "#2"},
				"south": {"uv": [6, 9, 9, 11.75], "texture": "#2"},
				"west": {"uv": [9, 9, 12, 11.75], "texture": "#2"},
				"up": {"uv": [6.5, 3, 3.5, 0], "texture": "#2"},
				"down": {"uv": [6.5, 3, 3.5, 6], "texture": "#2"}
			}
		},
		{
			"from": [5.5, 6.54016, -0.31179],
			"to": [10.5, 9.54016, 2.68821],
			"rotation": {"angle": -22.5, "axis": "x", "origin": [11.5, 8.04016, 1.18821]},
			"faces": {
				"north": {"uv": [13, 10, 14.25, 10.75], "texture": "#2"},
				"east": {"uv": [2, 9.75, 2.75, 10.5], "texture": "#2"},
				"south": {"uv": [12, 13, 13.25, 13.75], "texture": "#2"},
				"west": {"uv": [2, 10.5, 2.75, 11.25], "texture": "#2"},
				"up": {"uv": [14.5, 13.75, 13.25, 13], "texture": "#2"},
				"down": {"uv": [1.25, 13.5, 0, 14.25], "texture": "#2"}
			}
		},
		{
			"from": [2, 5, 2],
			"to": [14, 10, 14],
			"rotation": {"angle": 0, "axis": "y", "origin": [8, 0, 8]},
			"faces": {
				"north": {"uv": [11.5, 7, 14.5, 8.25], "texture": "#2"},
				"east": {"uv": [0, 11.75, 3, 13], "texture": "#2"},
				"south": {"uv": [3, 11.75, 6, 13], "texture": "#2"},
				"west": {"uv": [6, 11.75, 9, 13], "texture": "#2"},
				"up": {"uv": [6.5, 9, 3.5, 6], "texture": "#2"},
				"down": {"uv": [9.5, 0, 6.5, 3], "texture": "#2"}
			}
		},
		{
			"from": [2, 21, 2],
			"to": [14, 23, 14],
			"rotation": {"angle": 0, "axis": "y", "origin": [8, 0, 8]},
			"faces": {
				"north": {"uv": [12, 2.75, 15, 3.25], "texture": "#2"},
				"east": {"uv": [12, 3.25, 15, 3.75], "texture": "#2"},
				"south": {"uv": [12, 3.75, 15, 4.25], "texture": "#2"},
				"west": {"uv": [12, 4.25, 15, 4.75], "texture": "#2"},
				"up": {"uv": [9.5, 6, 6.5, 3], "texture": "#2"},
				"down": {"uv": [9.5, 6, 6.5, 9], "texture": "#2"}
			}
		},
		{
			"from": [4, 23, 4],
			"to": [12, 25, 12],
			"rotation": {"angle": 0, "axis": "y", "origin": [8, 0, 8]},
			"faces": {
				"north": {"uv": [4, 13, 6, 13.5], "texture": "#2"},
				"east": {"uv": [6, 13, 8, 13.5], "texture": "#2"},
				"south": {"uv": [13, 9, 15, 9.5], "texture": "#2"},
				"west": {"uv": [13, 9.5, 15, 10], "texture": "#2"},
				"up": {"uv": [2, 11.75, 0, 9.75], "texture": "#2"},
				"down": {"uv": [13.5, 5, 11.5, 7], "texture": "#2"}
			}
		},
		{
			"from": [7, 19, 7],
			"to": [9, 21, 9],
			"rotation": {"angle": 0, "axis": "y", "origin": [8, 0, 8]},
			"faces": {
				"north": {"uv": [2, 11.25, 2.5, 11.75], "texture": "#2"},
				"east": {"uv": [2.5, 11.25, 3, 11.75], "texture": "#2"},
				"south": {"uv": [8, 13, 8.5, 13.5], "texture": "#2"},
				"west": {"uv": [8.5, 13, 9, 13.5], "texture": "#2"},
				"up": {"uv": [13.5, 11.25, 13, 10.75], "texture": "#2"},
				"down": {"uv": [1.75, 13.5, 1.25, 14], "texture": "#2"}
			}
		}
	],
	"gui_light": "front",
	"display": {
		"thirdperson_righthand": {
			"rotation": [53, 123, 0],
			"translation": [0, 3.25, 0],
			"scale": [0.5, 0.5, 0.5]
		},
		"thirdperson_lefthand": {
			"rotation": [53, 123, 0],
			"translation": [0, 3.25, 0],
			"scale": [0.5, 0.5, 0.5]
		},
		"firstperson_righthand": {
			"rotation": [-4, 109, 0],
			"translation": [0, 3.25, 0],
			"scale": [0.5, 0.5, 0.5]
		},
		"firstperson_lefthand": {
			"rotation": [-4, 109, 0],
			"translation": [0, 3.25, 0],
			"scale": [0.5, 0.5, 0.5]
		},
		"ground": {
			"rotation": [26, 0, 0],
			"translation": [0, 5.25, 0],
			"scale": [0.75, 0.75, 0.75]
		},
		"gui": {
			"rotation": [44, 135, 0],
			"translation": [0, -1.5, 0],
			"scale": [0.5, 0.5, 0.5]
		}
	},
	"groups": [
		{
			"name": "incubator",
			"origin": [8, 0, 8],
			"color": 0,
			"children": [
				0,
				1,
				2,
				3,
				4,
				5,
				6,
				7,
				8,
				9,
				10,
				11,
				12,
				{
					"name": "ir_egg",
					"origin": [8, 12, 8],
					"color": 0,
					"children": []
				}
			]
		}
	]
}