{"elements":[{"from":[6.857143,7.428571,6.857143],"to":[9.142858,9.142858,9.142858],"rotation":{"angle":0.0,"axis":"y","origin":[8.0,4.5714283,8.571428]},"faces":{"east":{"uv":[0.0,10.25,1.0,11.0],"rotation":0,"texture":"#0","tintindex":0},"south":{"uv":[1.0,10.25,2.0,11.0],"rotation":0,"texture":"#0","tintindex":0},"north":{"uv":[10.0,8.5,11.0,9.25],"rotation":0,"texture":"#0","tintindex":0},"west":{"uv":[4.0,10.25,5.0,11.0],"rotation":0,"texture":"#0","tintindex":0},"up":{"uv":[10.5,1.0,9.5,0.0],"rotation":0,"texture":"#0","tintindex":0},"down":{"uv":[10.5,1.0,9.5,2.0],"rotation":0,"texture":"#0","tintindex":0}}},{"from":[4.0,9.142858,4.0],"to":[12.0,12.0,12.0],"rotation":{"angle":0.0,"axis":"y","origin":[8.0,6.285714,9.142858]},"faces":{"east":{"uv":[0.0,7.0,3.5,8.25],"rotation":0,"texture":"#0","tintindex":0},"south":{"uv":[3.5,7.25,7.0,8.5],"rotation":0,"texture":"#0","tintindex":0},"north":{"uv":[6.5,6.0,10.0,7.25],"rotation":0,"texture":"#0","tintindex":0},"west":{"uv":[7.0,7.25,10.5,8.5],"rotation":0,"texture":"#0","tintindex":0},"up":{"uv":[3.5,3.5,0.0,0.0],"rotation":0,"texture":"#0","tintindex":0},"down":{"uv":[3.5,3.5,0.0,7.0],"rotation":0,"texture":"#0","tintindex":0}}},{"from":[5.714286,12.0,5.714286],"to":[10.285714,14.857143,10.285714],"rotation":{"angle":0.0,"axis":"y","origin":[8.0,9.142858,9.142858]},"faces":{"east":{"uv":[9.0,2.0,11.0,3.25],"rotation":0,"texture":"#0","tintindex":0},"south":{"uv":[9.0,3.25,11.0,4.5],"rotation":0,"texture":"#0","tintindex":0},"north":{"uv":[8.0,8.5,10.0,9.75],"rotation":0,"texture":"#0","tintindex":0},"west":{"uv":[9.0,4.5,11.0,5.75],"rotation":0,"texture":"#0","tintindex":0},"up":{"uv":[2.0,10.25,0.0,8.25],"rotation":0,"texture":"#0","tintindex":0},"down":{"uv":[4.0,8.5,2.0,10.5],"rotation":0,"texture":"#0","tintindex":0}}}],"textures":{"0":"modelengine:entity/bulb_crimsonspore"},"display":{"head":{"translation":[0.0,-6.4,0.0],"scale":[4.0,4.0,4.0]}}}