{"elements":[{"from":[7.142857,5.714286,6.285714],"to":[8.857143,8.0,8.571428],"rotation":{"angle":0.0,"axis":"y","origin":[4.5714283,9.2419195,7.0]},"faces":{"east":{"uv":[1.0,7.0,2.0,8.0],"rotation":0,"texture":"#0","tintindex":0},"south":{"uv":[7.75,0.0,8.5,1.0],"rotation":0,"texture":"#0","tintindex":0},"north":{"uv":[4.0,7.5,4.75,8.5],"rotation":0,"texture":"#0","tintindex":0},"west":{"uv":[2.0,7.0,3.0,8.0],"rotation":0,"texture":"#0","tintindex":0},"up":{"uv":[8.5,2.0,7.75,1.0],"rotation":0,"texture":"#0","tintindex":0},"down":{"uv":[3.75,7.75,3.0,8.75],"rotation":0,"texture":"#0","tintindex":0}}},{"from":[6.857143,5.714286,6.0],"to":[8.0,6.857143,7.714286],"rotation":{"angle":0.0,"axis":"y","origin":[4.5714283,9.2419195,7.0]},"faces":{"east":{"uv":[7.75,8.25,8.5,8.75],"rotation":0,"texture":"#0","tintindex":0},"south":{"uv":[6.0,8.75,6.5,9.25],"rotation":0,"texture":"#0","tintindex":0},"north":{"uv":[5.5,8.75,6.0,9.25],"rotation":0,"texture":"#0","tintindex":0},"west":{"uv":[8.5,0.0,9.25,0.5],"rotation":0,"texture":"#0","tintindex":0},"up":{"uv":[4.5,7.5,4.0,6.75],"rotation":0,"texture":"#0","tintindex":0},"down":{"uv":[9.0,0.5,8.5,1.25],"rotation":0,"texture":"#0","tintindex":0}}},{"from":[8.166594,6.4800253,6.285714],"to":[9.880879,7.622883,8.571428],"rotation":{"angle":-22.5,"axis":"z","origin":[4.5714283,9.2419195,7.0]},"faces":{"east":{"uv":[8.0,7.25,9.0,7.75],"rotation":0,"texture":"#0","tintindex":0},"south":{"uv":[8.5,3.5,9.25,4.0],"rotation":0,"texture":"#0","tintindex":0},"north":{"uv":[8.5,1.25,9.25,1.75],"rotation":0,"texture":"#0","tintindex":0},"west":{"uv":[8.0,7.75,9.0,8.25],"rotation":0,"texture":"#0","tintindex":0},"up":{"uv":[8.5,4.5,7.75,3.5],"rotation":0,"texture":"#0","tintindex":0},"down":{"uv":[8.5,4.5,7.75,5.5],"rotation":0,"texture":"#0","tintindex":0}}}],"textures":{"0":"modelengine:entity/cavalier"},"display":{"head":{"translation":[0.0,-6.4,0.0],"scale":[4.0,4.0,4.0]}}}