{"elements":[{"from":[5.714286,7.428571,7.428571],"to":[8.0,8.571428,8.571428],"rotation":{"angle":0.0,"axis":"y","origin":[10.0,8.0,8.0]},"faces":{"east":{"uv":[13.0,13.5,12.0,14.5],"rotation":0,"texture":"#0","tintindex":0},"south":{"uv":[14.0,11.5,12.0,12.5],"rotation":0,"texture":"#0","tintindex":0},"north":{"uv":[14.0,10.5,12.0,11.5],"rotation":0,"texture":"#0","tintindex":0},"west":{"uv":[5.5,13.5,4.5,14.5],"rotation":0,"texture":"#0","tintindex":0},"up":{"uv":[12.5,1.0,14.5,0.0],"rotation":0,"texture":"#0","tintindex":0},"down":{"uv":[2.0,12.5,4.0,13.5],"rotation":0,"texture":"#0","tintindex":0}}},{"from":[8.142858,8.714286,8.714286],"to":[5.5714283,7.285714,7.285714],"rotation":{"angle":0.0,"axis":"y","origin":[10.0,8.0,8.0]},"faces":{"east":{"uv":[16.0,15.5,15.5,16.0],"rotation":0,"texture":"#0","tintindex":0},"south":{"uv":[16.0,15.5,15.5,16.0],"rotation":0,"texture":"#0","tintindex":0},"north":{"uv":[16.0,15.5,15.5,16.0],"rotation":0,"texture":"#0","tintindex":0},"west":{"uv":[16.0,15.5,15.5,16.0],"rotation":0,"texture":"#0","tintindex":0},"up":{"uv":[16.0,15.5,15.5,16.0],"rotation":0,"texture":"#0","tintindex":0},"down":{"uv":[16.0,15.5,15.5,16.0],"rotation":0,"texture":"#0","tintindex":0}}},{"from":[5.714286,6.285714,8.0],"to":[8.0,7.428571,8.0],"rotation":{"angle":0.0,"axis":"y","origin":[10.0,8.0,8.0]},"faces":{"east":{"uv":[0.0,0.0,0.0,1.0],"rotation":0,"texture":"#0","tintindex":0},"south":{"uv":[10.5,12.5,12.5,13.5],"rotation":0,"texture":"#0","tintindex":0},"north":{"uv":[12.5,12.5,10.5,13.5],"rotation":0,"texture":"#0","tintindex":0},"west":{"uv":[0.0,0.0,0.0,1.0],"rotation":0,"texture":"#0","tintindex":0},"up":{"uv":[0.0,0.0,2.0,0.0],"rotation":0,"texture":"#0","tintindex":0},"down":{"uv":[0.0,0.0,2.0,0.0],"rotation":0,"texture":"#0","tintindex":0}}},{"from":[5.714286,6.142857,7.9857144],"to":[7.5714283,7.5714283,7.9857144],"rotation":{"angle":0.0,"axis":"y","origin":[10.0,8.0,8.0]},"faces":{"east":{"uv":[16.0,15.5,15.5,16.0],"rotation":0,"texture":"#0","tintindex":0},"south":{"uv":[16.0,15.5,15.5,16.0],"rotation":0,"texture":"#0","tintindex":0},"north":{"uv":[16.0,15.0,15.5,15.5],"rotation":0,"texture":"#0","tintindex":0},"west":{"uv":[16.0,15.5,15.5,16.0],"rotation":0,"texture":"#0","tintindex":0},"up":{"uv":[16.0,15.5,15.5,16.0],"rotation":0,"texture":"#0","tintindex":0},"down":{"uv":[16.0,15.5,15.5,16.0],"rotation":0,"texture":"#0","tintindex":0}}},{"from":[7.285714,6.714286,7.9857144],"to":[8.142858,7.5714283,7.9857144],"rotation":{"angle":0.0,"axis":"y","origin":[10.0,8.0,8.0]},"faces":{"east":{"uv":[16.0,15.5,15.5,16.0],"rotation":0,"texture":"#0","tintindex":0},"south":{"uv":[16.0,15.5,15.5,16.0],"rotation":0,"texture":"#0","tintindex":0},"north":{"uv":[16.0,15.0,15.5,15.5],"rotation":0,"texture":"#0","tintindex":0},"west":{"uv":[16.0,15.5,15.5,16.0],"rotation":0,"texture":"#0","tintindex":0},"up":{"uv":[16.0,15.5,15.5,16.0],"rotation":0,"texture":"#0","tintindex":0},"down":{"uv":[16.0,15.5,15.5,16.0],"rotation":0,"texture":"#0","tintindex":0}}},{"from":[7.285714,6.714286,8.014286],"to":[8.142858,7.5714283,8.014286],"rotation":{"angle":0.0,"axis":"y","origin":[10.0,8.0,8.571428]},"faces":{"east":{"uv":[15.5,15.5,16.0,16.0],"rotation":0,"texture":"#0","tintindex":0},"south":{"uv":[15.5,15.0,16.0,15.5],"rotation":0,"texture":"#0","tintindex":0},"north":{"uv":[15.5,15.5,16.0,16.0],"rotation":0,"texture":"#0","tintindex":0},"west":{"uv":[15.5,15.5,16.0,16.0],"rotation":0,"texture":"#0","tintindex":0},"up":{"uv":[16.0,16.0,15.5,15.5],"rotation":0,"texture":"#0","tintindex":0},"down":{"uv":[16.0,16.0,15.5,15.5],"rotation":0,"texture":"#0","tintindex":0}}},{"from":[5.714286,6.142857,8.014286],"to":[7.5714283,7.5714283,8.014286],"rotation":{"angle":0.0,"axis":"y","origin":[10.0,8.0,8.571428]},"faces":{"east":{"uv":[15.5,15.5,16.0,16.0],"rotation":0,"texture":"#0","tintindex":0},"south":{"uv":[15.5,15.0,16.0,15.5],"rotation":0,"texture":"#0","tintindex":0},"north":{"uv":[15.5,15.5,16.0,16.0],"rotation":0,"texture":"#0","tintindex":0},"west":{"uv":[15.5,15.5,16.0,16.0],"rotation":0,"texture":"#0","tintindex":0},"up":{"uv":[16.0,16.0,15.5,15.5],"rotation":0,"texture":"#0","tintindex":0},"down":{"uv":[16.0,16.0,15.5,15.5],"rotation":0,"texture":"#0","tintindex":0}}}],"textures":{"0":"modelengine:entity/baboon_chick"},"display":{"head":{"translation":[0.0,-6.4,0.0],"scale":[4.0,4.0,4.0]}}}