{"elements":[{"from":[8.0,7.428571,7.428571],"to":[10.285714,8.571428,8.571428],"rotation":{"angle":0.0,"axis":"y","origin":[6.0,8.0,8.0]},"faces":{"east":{"uv":[4.5,13.5,5.5,14.5],"rotation":0,"texture":"#0","tintindex":0},"south":{"uv":[12.0,11.5,14.0,12.5],"rotation":0,"texture":"#0","tintindex":0},"north":{"uv":[12.0,10.5,14.0,11.5],"rotation":0,"texture":"#0","tintindex":0},"west":{"uv":[12.0,13.5,13.0,14.5],"rotation":0,"texture":"#0","tintindex":0},"up":{"uv":[14.5,1.0,12.5,0.0],"rotation":0,"texture":"#0","tintindex":0},"down":{"uv":[4.0,12.5,2.0,13.5],"rotation":0,"texture":"#0","tintindex":0}}},{"from":[10.428572,8.714286,8.714286],"to":[7.857143,7.285714,7.285714],"rotation":{"angle":0.0,"axis":"y","origin":[6.0,8.0,8.0]},"faces":{"east":{"uv":[15.5,15.5,16.0,16.0],"rotation":0,"texture":"#0","tintindex":0},"south":{"uv":[15.5,15.5,16.0,16.0],"rotation":0,"texture":"#0","tintindex":0},"north":{"uv":[15.5,15.5,16.0,16.0],"rotation":0,"texture":"#0","tintindex":0},"west":{"uv":[15.5,15.5,16.0,16.0],"rotation":0,"texture":"#0","tintindex":0},"up":{"uv":[15.5,15.5,16.0,16.0],"rotation":0,"texture":"#0","tintindex":0},"down":{"uv":[15.5,15.5,16.0,16.0],"rotation":0,"texture":"#0","tintindex":0}}},{"from":[8.0,6.285714,8.0],"to":[10.285714,7.428571,8.0],"rotation":{"angle":0.0,"axis":"y","origin":[6.0,8.0,8.0]},"faces":{"east":{"uv":[0.0,0.0,0.0,1.0],"rotation":0,"texture":"#0","tintindex":0},"south":{"uv":[12.5,12.5,10.5,13.5],"rotation":0,"texture":"#0","tintindex":0},"north":{"uv":[10.5,12.5,12.5,13.5],"rotation":0,"texture":"#0","tintindex":0},"west":{"uv":[0.0,0.0,0.0,1.0],"rotation":0,"texture":"#0","tintindex":0},"up":{"uv":[2.0,0.0,0.0,0.0],"rotation":0,"texture":"#0","tintindex":0},"down":{"uv":[2.0,0.0,0.0,0.0],"rotation":0,"texture":"#0","tintindex":0}}},{"from":[8.428572,6.142857,7.9857144],"to":[10.285714,7.5714283,7.9857144],"rotation":{"angle":0.0,"axis":"y","origin":[6.0,8.0,8.0]},"faces":{"east":{"uv":[15.5,15.5,16.0,16.0],"rotation":0,"texture":"#0","tintindex":0},"south":{"uv":[15.5,15.5,16.0,16.0],"rotation":0,"texture":"#0","tintindex":0},"north":{"uv":[15.5,15.0,16.0,15.5],"rotation":0,"texture":"#0","tintindex":0},"west":{"uv":[15.5,15.5,16.0,16.0],"rotation":0,"texture":"#0","tintindex":0},"up":{"uv":[15.5,15.5,16.0,16.0],"rotation":0,"texture":"#0","tintindex":0},"down":{"uv":[15.5,15.5,16.0,16.0],"rotation":0,"texture":"#0","tintindex":0}}},{"from":[7.857143,6.714286,7.9857144],"to":[8.714286,7.5714283,7.9857144],"rotation":{"angle":0.0,"axis":"y","origin":[6.0,8.0,8.0]},"faces":{"east":{"uv":[15.5,15.5,16.0,16.0],"rotation":0,"texture":"#0","tintindex":0},"south":{"uv":[15.5,15.5,16.0,16.0],"rotation":0,"texture":"#0","tintindex":0},"north":{"uv":[15.5,15.0,16.0,15.5],"rotation":0,"texture":"#0","tintindex":0},"west":{"uv":[15.5,15.5,16.0,16.0],"rotation":0,"texture":"#0","tintindex":0},"up":{"uv":[15.5,15.5,16.0,16.0],"rotation":0,"texture":"#0","tintindex":0},"down":{"uv":[15.5,15.5,16.0,16.0],"rotation":0,"texture":"#0","tintindex":0}}},{"from":[7.857143,6.714286,8.014286],"to":[8.714286,7.5714283,8.014286],"rotation":{"angle":0.0,"axis":"y","origin":[6.0,8.0,8.571428]},"faces":{"east":{"uv":[16.0,15.5,15.5,16.0],"rotation":0,"texture":"#0","tintindex":0},"south":{"uv":[16.0,15.0,15.5,15.5],"rotation":0,"texture":"#0","tintindex":0},"north":{"uv":[16.0,15.5,15.5,16.0],"rotation":0,"texture":"#0","tintindex":0},"west":{"uv":[16.0,15.5,15.5,16.0],"rotation":0,"texture":"#0","tintindex":0},"up":{"uv":[15.5,16.0,16.0,15.5],"rotation":0,"texture":"#0","tintindex":0},"down":{"uv":[15.5,16.0,16.0,15.5],"rotation":0,"texture":"#0","tintindex":0}}},{"from":[8.428572,6.142857,8.014286],"to":[10.285714,7.5714283,8.014286],"rotation":{"angle":0.0,"axis":"y","origin":[6.0,8.0,8.571428]},"faces":{"east":{"uv":[16.0,15.5,15.5,16.0],"rotation":0,"texture":"#0","tintindex":0},"south":{"uv":[16.0,15.0,15.5,15.5],"rotation":0,"texture":"#0","tintindex":0},"north":{"uv":[16.0,15.5,15.5,16.0],"rotation":0,"texture":"#0","tintindex":0},"west":{"uv":[16.0,15.5,15.5,16.0],"rotation":0,"texture":"#0","tintindex":0},"up":{"uv":[15.5,16.0,16.0,15.5],"rotation":0,"texture":"#0","tintindex":0},"down":{"uv":[15.5,16.0,16.0,15.5],"rotation":0,"texture":"#0","tintindex":0}}}],"textures":{"0":"modelengine:entity/baboon_chick"},"display":{"head":{"translation":[0.0,-6.4,0.0],"scale":[4.0,4.0,4.0]}}}