{
	"credit": "Made with Blockbench",
	"texture_size": [32, 32],
	"textures": {
		"0": "modelengine:entity/floppy_ears"
	},
	"elements": [
		{
			"from": [4, 4, 4],
			"to": [12, 9, 12],
			"rotation": {"angle": 0, "axis": "y", "origin": [8, 1, 8]},
			"faces": {
				"north": {"uv": [0, 0, 4, 2.5], "texture": "#0"},
				"east": {"uv": [0, 4, 4, 6.5], "texture": "#0"},
				"south": {"uv": [4, 0, 8, 2.5], "texture": "#0"},
				"west": {"uv": [4, 4, 0, 6.5], "texture": "#0"},
				"up": {"uv": [4, 12, 0, 8], "texture": "#0"},
				"down": {"uv": [12, 0, 8, 4], "texture": "#0"}
			}
		},
		{
			"from": [6.5, 3, 3],
			"to": [9.5, 6, 4],
			"rotation": {"angle": 0, "axis": "y", "origin": [8, 1, 8]},
			"faces": {
				"north": {"uv": [5.5, 10, 7, 11.5], "texture": "#0"},
				"east": {"uv": [9.5, 12, 10, 13.5], "texture": "#0"},
				"south": {"uv": [7, 10, 8.5, 11.5], "texture": "#0"},
				"west": {"uv": [10, 12, 10.5, 13.5], "texture": "#0"},
				"up": {"uv": [13.5, 8, 12, 7.5], "texture": "#0"},
				"down": {"uv": [12, 12, 10.5, 12.5], "texture": "#0"}
			}
		},
		{
			"from": [6, 4, 12],
			"to": [10, 8, 15],
			"rotation": {"angle": 0, "axis": "y", "origin": [8, 1, 7.5]},
			"faces": {
				"north": {"uv": [5.5, 8, 7.5, 10], "texture": "#0"},
				"east": {"uv": [9.5, 4, 11, 6], "texture": "#0"},
				"south": {"uv": [7.5, 8, 9.5, 10], "texture": "#0"},
				"west": {"uv": [9.5, 6, 11, 8], "texture": "#0"},
				"up": {"uv": [11.5, 9.5, 9.5, 8], "texture": "#0"},
				"down": {"uv": [11.5, 9.5, 9.5, 11], "texture": "#0"}
			}
		},
		{
			"from": [0.55793, 0.69555, 5],
			"to": [1.55793, 7.69555, 8],
			"rotation": {"angle": -22.5, "axis": "z", "origin": [5.55793, -0.30445, 7]},
			"faces": {
				"north": {"uv": [9, 10, 8.5, 13.5], "texture": "#0"},
				"east": {"uv": [9.5, 4, 8, 7.5], "texture": "#0"},
				"south": {"uv": [9.5, 10, 9, 13.5], "texture": "#0"},
				"west": {"uv": [5.5, 8, 4, 11.5], "texture": "#0"},
				"up": {"uv": [5, 13.5, 5.5, 12], "texture": "#0"},
				"down": {"uv": [12, 6, 12.5, 7.5], "texture": "#0"}
			}
		},
		{
			"from": [14.44207, 0.69555, 5],
			"to": [15.44207, 7.69555, 8],
			"rotation": {"angle": 22.5, "axis": "z", "origin": [10.44207, -0.30445, 7]},
			"faces": {
				"north": {"uv": [8.5, 10, 9, 13.5], "texture": "#0"},
				"east": {"uv": [4, 8, 5.5, 11.5], "texture": "#0"},
				"south": {"uv": [9, 10, 9.5, 13.5], "texture": "#0"},
				"west": {"uv": [8, 4, 9.5, 7.5], "texture": "#0"},
				"up": {"uv": [5.5, 13.5, 5, 12], "texture": "#0"},
				"down": {"uv": [12.5, 6, 12, 7.5], "texture": "#0"}
			}
		}
	],
	"gui_light": "front",
	"display": {
		"thirdperson_righthand": {
			"rotation": [66, 43, -18],
			"translation": [0, 2, 2.5],
			"scale": [0.65, 0.65, 0.65]
		},
		"thirdperson_lefthand": {
			"rotation": [66, 43, -18],
			"translation": [0, 2, 2.5],
			"scale": [0.65, 0.65, 0.65]
		},
		"firstperson_righthand": {
			"rotation": [5, 117, -15],
			"translation": [-1.75, 4, 0.75],
			"scale": [0.65, 0.65, 0.65]
		},
		"firstperson_lefthand": {
			"rotation": [5, 117, -15],
			"translation": [-1.75, 4, 0.75],
			"scale": [0.65, 0.65, 0.65]
		},
		"ground": {
			"rotation": [21, 0, 0],
			"translation": [0, 1.25, 0],
			"scale": [0.75, 0.75, 0.75]
		},
		"gui": {
			"rotation": [15, -165, 0],
			"translation": [-0.25, 2.5, 0],
			"scale": [1.1, 1.1, 1.1]
		},
		"head": {
			"translation": [0, 6.75, 0],
			"scale": [1.75, 1.75, 1.75]
		},
		"fixed": {
			"rotation": [-90, 0, 0],
			"translation": [0, 0, -2.75]
		}
	},
	"groups": [
		{
			"name": "h_torso",
			"origin": [8, 4.125, 9.125],
			"color": 0,
			"children": [
				0,
				1,
				{
					"name": "tail",
					"origin": [8, 4, 11.5],
					"color": 0,
					"children": [2]
				},
				{
					"name": "h_ear_left",
					"origin": [4, 9, 6.5],
					"color": 0,
					"children": [3]
				},
				{
					"name": "h_ear_right",
					"origin": [12, 9, 6.5],
					"color": 0,
					"children": [4]
				}
			]
		}
	]
}