{
	"credit": "Made with Blockbench",
	"texture_size": [64, 64],
	"textures": {
		"0": "modelengine:entity/fluffy_cow",
		"particle": "modelengine:entity/fluffy_cow"
	},
	"elements": [
		{
			"from": [3.5, 7.5, 10],
			"to": [12.5, 11.5, 13],
			"rotation": {"angle": 0, "axis": "y", "origin": [8, 5.5, 8]},
			"faces": {
				"north": {"uv": [6.25, 5, 8.5, 6], "texture": "#0"},
				"east": {"uv": [5, 2, 5.75, 3], "texture": "#0"},
				"south": {"uv": [2.25, 4.5, 4.5, 5.5], "texture": "#0"},
				"west": {"uv": [6.25, 3.5, 7, 4.5], "texture": "#0"},
				"up": {"uv": [4.5, 5.25, 2.25, 4.5], "texture": "#0"},
				"down": {"uv": [6.5, 4.5, 4.25, 5.25], "texture": "#0"}
			}
		},
		{
			"from": [3.5, 7.5, 0],
			"to": [12.5, 12.5, 10],
			"rotation": {"angle": 0, "axis": "y", "origin": [8, 2.5, 10]},
			"faces": {
				"north": {"uv": [0, 4.5, 2.25, 5.75], "texture": "#0"},
				"east": {"uv": [0, 2.5, 2.5, 3.75], "texture": "#0"},
				"south": {"uv": [4.5, 0, 6.75, 1.25], "texture": "#0"},
				"west": {"uv": [2.5, 2.5, 0, 3.75], "texture": "#0"},
				"up": {"uv": [2.25, 2.5, 0, 0], "texture": "#0"},
				"down": {"uv": [4.5, 0, 2.25, 2.5], "texture": "#0"}
			}
		},
		{
			"from": [11.73411, 9.90642, 7],
			"to": [14.73411, 13.90642, 9],
			"rotation": {"angle": -45, "axis": "z", "origin": [12.23411, 12.40642, 8]},
			"faces": {
				"north": {"uv": [5, 3.5, 5.75, 4.5], "texture": "#0"},
				"east": {"uv": [5.75, 3.5, 6.25, 4.5], "texture": "#0"},
				"south": {"uv": [6.25, 6.5, 7, 7.5], "texture": "#0"},
				"west": {"uv": [5.75, 6.75, 6.25, 7.75], "texture": "#0"},
				"up": {"uv": [8, 3.5, 7.25, 3], "texture": "#0"},
				"down": {"uv": [8.25, 0.75, 7.5, 1.25], "texture": "#0"}
			}
		},
		{
			"from": [9.5, 12.5, 7],
			"to": [11.5, 14.5, 9],
			"rotation": {"angle": 0, "axis": "y", "origin": [8, 2.5, 10]},
			"faces": {
				"north": {"uv": [4.5, 2, 5, 2.5], "texture": "#0"},
				"east": {"uv": [6.75, 1.5, 7.25, 2], "texture": "#0"},
				"south": {"uv": [3, 7.5, 3.5, 8], "texture": "#0"},
				"west": {"uv": [3.5, 7.5, 4, 8], "texture": "#0"},
				"up": {"uv": [4.5, 8, 4, 7.5], "texture": "#0"},
				"down": {"uv": [5, 7.5, 4.5, 8], "texture": "#0"}
			}
		},
		{
			"from": [4.5, 12.5, 7],
			"to": [6.5, 14.5, 9],
			"rotation": {"angle": 0, "axis": "y", "origin": [8, 2.5, 10]},
			"faces": {
				"north": {"uv": [5, 2, 4.5, 2.5], "texture": "#0"},
				"east": {"uv": [4, 7.5, 3.5, 8], "texture": "#0"},
				"south": {"uv": [3.5, 7.5, 3, 8], "texture": "#0"},
				"west": {"uv": [7.25, 1.5, 6.75, 2], "texture": "#0"},
				"up": {"uv": [4, 8, 4.5, 7.5], "texture": "#0"},
				"down": {"uv": [4.5, 7.5, 5, 8], "texture": "#0"}
			}
		},
		{
			"from": [1.26589, 9.90642, 7],
			"to": [4.26589, 13.90642, 9],
			"rotation": {"angle": 45, "axis": "z", "origin": [3.76589, 12.40642, 8]},
			"faces": {
				"north": {"uv": [5.75, 3.5, 5, 4.5], "texture": "#0"},
				"east": {"uv": [6.25, 6.75, 5.75, 7.75], "texture": "#0"},
				"south": {"uv": [7, 6.5, 6.25, 7.5], "texture": "#0"},
				"west": {"uv": [6.25, 3.5, 5.75, 4.5], "texture": "#0"},
				"up": {"uv": [7.25, 3.5, 8, 3], "texture": "#0"},
				"down": {"uv": [7.5, 0.75, 8.25, 1.25], "texture": "#0"}
			}
		},
		{
			"from": [7, 7.4609, 12.80343],
			"to": [9, 11.4609, 13.80343],
			"rotation": {"angle": -22.5, "axis": "x", "origin": [8, 9.4609, 13.30343]},
			"faces": {
				"north": {"uv": [2, 7.5, 2.5, 8.5], "texture": "#0"},
				"east": {"uv": [5, 7.5, 5.25, 8.5], "texture": "#0"},
				"south": {"uv": [2.5, 7.5, 3, 8.5], "texture": "#0"},
				"west": {"uv": [5.25, 7.5, 5.5, 8.5], "texture": "#0"},
				"up": {"uv": [8, 1.5, 7.5, 1.25], "texture": "#0"},
				"down": {"uv": [6.75, 7.5, 6.25, 7.75], "texture": "#0"}
			}
		}
	],
	"gui_light": "front",
	"display": {
		"thirdperson_righthand": {
			"rotation": [54, 37, 0],
			"translation": [0, 1.25, 0],
			"scale": [0.65, 0.65, 0.65]
		},
		"thirdperson_lefthand": {
			"rotation": [54, 37, 0],
			"translation": [0, 1.25, 0],
			"scale": [0.65, 0.65, 0.65]
		},
		"firstperson_righthand": {
			"rotation": [-17, 113, 0],
			"translation": [0, 1.25, 0],
			"scale": [0.65, 0.65, 0.65]
		},
		"firstperson_lefthand": {
			"rotation": [-17, 113, 0],
			"translation": [0, 1.25, 0],
			"scale": [0.65, 0.65, 0.65]
		},
		"ground": {
			"rotation": [20, 0, 0],
			"scale": [0.65, 0.65, 0.65]
		},
		"gui": {
			"rotation": [15, -150, 0],
			"translation": [-0.25, -1.5, 0],
			"scale": [0.9, 0.9, 0.9]
		},
		"head": {
			"rotation": [6, 0, 0],
			"translation": [0, 2.5, 0.5],
			"scale": [1.5, 1.5, 1.5]
		},
		"fixed": {
			"rotation": [-90, 0, 0],
			"translation": [0, 0, -2.5]
		}
	},
	"groups": [
		{
			"name": "torso",
			"origin": [8, 5.5, 12],
			"color": 0,
			"children": [
				0,
				{
					"name": "h_head",
					"origin": [8.01589, 6.40642, 8],
					"color": 0,
					"children": [1, 2, 3, 4, 5]
				},
				{
					"name": "tail",
					"origin": [8, 8.5, 15],
					"color": 0,
					"children": [6]
				},
				{
					"name": "leg_right_back",
					"origin": [10, 3, 12],
					"color": 0,
					"children": []
				},
				{
					"name": "leg_left_back",
					"origin": [6, 3, 12],
					"color": 0,
					"children": []
				},
				{
					"name": "leg_right_front",
					"origin": [10, 2.75, 7],
					"color": 0,
					"children": []
				},
				{
					"name": "leg_left_front",
					"origin": [6, 2.75, 7],
					"color": 0,
					"children": []
				}
			]
		}
	]
}