{"elements":[{"from":[7.428571,5.142857,6.285714],"to":[8.571428,8.0,8.0],"rotation":{"angle":0.0,"axis":"y","origin":[11.428572,-1.1428576,7.142857]},"faces":{"east":{"uv":[5.0,12.0,3.5,14.5],"rotation":0,"texture":"#0","tintindex":0},"south":{"uv":[13.5,4.5,12.5,7.0],"rotation":0,"texture":"#0","tintindex":0},"north":{"uv":[7.5,11.5,6.5,14.0],"rotation":0,"texture":"#0","tintindex":0},"west":{"uv":[13.5,2.0,12.0,4.5],"rotation":0,"texture":"#0","tintindex":0},"up":{"uv":[2.0,12.0,3.0,10.5],"rotation":0,"texture":"#0","tintindex":0},"down":{"uv":[0.0,13.0,1.0,14.5],"rotation":0,"texture":"#0","tintindex":0}}},{"from":[8.714286,8.142858,8.142858],"to":[7.285714,5.0,6.142857],"rotation":{"angle":0.0,"axis":"y","origin":[11.428572,-1.1428576,7.142857]},"faces":{"east":{"uv":[15.5,15.5,16.0,16.0],"rotation":0,"texture":"#0","tintindex":0},"south":{"uv":[15.5,15.5,16.0,16.0],"rotation":0,"texture":"#0","tintindex":0},"north":{"uv":[15.5,15.5,16.0,16.0],"rotation":0,"texture":"#0","tintindex":0},"west":{"uv":[15.5,15.5,16.0,16.0],"rotation":0,"texture":"#0","tintindex":0},"up":{"uv":[15.5,15.5,16.0,16.0],"rotation":0,"texture":"#0","tintindex":0},"down":{"uv":[15.5,15.5,16.0,16.0],"rotation":0,"texture":"#0","tintindex":0}}},{"from":[5.142857,6.857143,7.428571],"to":[7.428571,8.0,7.428571],"rotation":{"angle":45.0,"axis":"y","origin":[7.428571,8.0,7.428571]},"faces":{"east":{"uv":[0.0,0.0,0.0,1.0],"rotation":0,"texture":"#0","tintindex":0},"south":{"uv":[12.5,12.5,14.5,13.5],"rotation":0,"texture":"#0","tintindex":0},"north":{"uv":[14.5,12.5,12.5,13.5],"rotation":0,"texture":"#0","tintindex":0},"west":{"uv":[0.0,0.0,0.0,1.0],"rotation":0,"texture":"#0","tintindex":0},"up":{"uv":[0.0,0.0,2.0,0.0],"rotation":0,"texture":"#0","tintindex":0},"down":{"uv":[0.0,0.0,2.0,0.0],"rotation":0,"texture":"#0","tintindex":0}}},{"from":[5.0,7.285714,7.4428573],"to":[7.5714283,8.142858,7.4428573],"rotation":{"angle":45.0,"axis":"y","origin":[7.428571,8.0,7.428571]},"faces":{"east":{"uv":[15.5,15.5,16.0,16.0],"rotation":0,"texture":"#0","tintindex":0},"south":{"uv":[15.5,15.0,16.0,15.5],"rotation":0,"texture":"#0","tintindex":0},"north":{"uv":[15.5,15.5,16.0,16.0],"rotation":0,"texture":"#0","tintindex":0},"west":{"uv":[15.5,15.5,16.0,16.0],"rotation":0,"texture":"#0","tintindex":0},"up":{"uv":[15.5,15.5,16.0,16.0],"rotation":0,"texture":"#0","tintindex":0},"down":{"uv":[15.5,15.5,16.0,16.0],"rotation":0,"texture":"#0","tintindex":0}}},{"from":[6.142857,6.714286,7.4428573],"to":[7.5714283,7.5714283,7.4428573],"rotation":{"angle":45.0,"axis":"y","origin":[7.428571,8.0,7.428571]},"faces":{"east":{"uv":[15.5,15.5,16.0,16.0],"rotation":0,"texture":"#0","tintindex":0},"south":{"uv":[15.5,15.0,16.0,15.5],"rotation":0,"texture":"#0","tintindex":0},"north":{"uv":[15.5,15.5,16.0,16.0],"rotation":0,"texture":"#0","tintindex":0},"west":{"uv":[15.5,15.5,16.0,16.0],"rotation":0,"texture":"#0","tintindex":0},"up":{"uv":[15.5,15.5,16.0,16.0],"rotation":0,"texture":"#0","tintindex":0},"down":{"uv":[15.5,15.5,16.0,16.0],"rotation":0,"texture":"#0","tintindex":0}}},{"from":[6.142857,6.714286,7.4142857],"to":[7.5714283,7.5714283,7.4142857],"rotation":{"angle":45.0,"axis":"y","origin":[7.428571,8.0,7.428571]},"faces":{"east":{"uv":[15.5,15.5,16.0,16.0],"rotation":0,"texture":"#0","tintindex":0},"south":{"uv":[15.5,15.5,16.0,16.0],"rotation":0,"texture":"#0","tintindex":0},"north":{"uv":[15.5,15.0,16.0,15.5],"rotation":0,"texture":"#0","tintindex":0},"west":{"uv":[15.5,15.5,16.0,16.0],"rotation":0,"texture":"#0","tintindex":0},"up":{"uv":[15.5,15.5,16.0,16.0],"rotation":0,"texture":"#0","tintindex":0},"down":{"uv":[15.5,15.5,16.0,16.0],"rotation":0,"texture":"#0","tintindex":0}}},{"from":[5.0,7.285714,7.4142857],"to":[7.5714283,8.142858,7.4142857],"rotation":{"angle":45.0,"axis":"y","origin":[7.428571,8.0,7.428571]},"faces":{"east":{"uv":[15.5,15.5,16.0,16.0],"rotation":0,"texture":"#0","tintindex":0},"south":{"uv":[15.5,15.5,16.0,16.0],"rotation":0,"texture":"#0","tintindex":0},"north":{"uv":[15.5,15.0,16.0,15.5],"rotation":0,"texture":"#0","tintindex":0},"west":{"uv":[15.5,15.5,16.0,16.0],"rotation":0,"texture":"#0","tintindex":0},"up":{"uv":[15.5,15.5,16.0,16.0],"rotation":0,"texture":"#0","tintindex":0},"down":{"uv":[15.5,15.5,16.0,16.0],"rotation":0,"texture":"#0","tintindex":0}}}],"textures":{"0":"modelengine:entity/baby_giant"},"display":{"head":{"translation":[0.0,-6.4,0.0],"scale":[4.0,4.0,4.0]}}}