{"elements":[{"from":[6.5714283,9.714286,6.857143],"to":[9.428572,10.857143,9.142858],"rotation":{"angle":0.0,"axis":"y","origin":[3.4285712,6.285714,3.4285712]},"faces":{"east":{"uv":[5.0,9.0,7.0,10.0],"rotation":0,"texture":"#0","tintindex":0},"south":{"uv":[8.0,5.0,10.5,6.0],"rotation":0,"texture":"#0","tintindex":0},"north":{"uv":[5.0,8.0,7.5,9.0],"rotation":0,"texture":"#0","tintindex":0},"west":{"uv":[9.0,8.0,11.0,9.0],"rotation":0,"texture":"#0","tintindex":0},"up":{"uv":[5.5,8.0,3.0,6.0],"rotation":0,"texture":"#0","tintindex":0},"down":{"uv":[8.5,3.0,6.0,5.0],"rotation":0,"texture":"#0","tintindex":0}}},{"from":[9.571428,11.0,9.285714],"to":[6.428571,9.571428,6.714286],"rotation":{"angle":0.0,"axis":"y","origin":[3.4285712,6.285714,3.4285712]},"faces":{"east":{"uv":[15.5,15.5,16.0,16.0],"rotation":0,"texture":"#0","tintindex":0},"south":{"uv":[15.5,15.5,16.0,16.0],"rotation":0,"texture":"#0","tintindex":0},"north":{"uv":[15.5,15.5,16.0,16.0],"rotation":0,"texture":"#0","tintindex":0},"west":{"uv":[15.5,15.5,16.0,16.0],"rotation":0,"texture":"#0","tintindex":0},"up":{"uv":[12.5,14.0,15.0,16.0],"rotation":0,"texture":"#0","tintindex":0},"down":{"uv":[15.5,15.5,16.0,16.0],"rotation":0,"texture":"#0","tintindex":0}}},{"from":[6.857143,8.0,7.142857],"to":[9.142858,9.714286,8.857143],"rotation":{"angle":0.0,"axis":"y","origin":[3.4285712,6.285714,3.4285712]},"faces":{"east":{"uv":[7.5,8.0,9.0,9.5],"rotation":0,"texture":"#0","tintindex":0},"south":{"uv":[5.5,6.5,7.5,8.0],"rotation":0,"texture":"#0","tintindex":0},"north":{"uv":[6.0,5.0,8.0,6.5],"rotation":0,"texture":"#0","tintindex":0},"west":{"uv":[8.5,3.0,10.0,4.5],"rotation":0,"texture":"#0","tintindex":0},"up":{"uv":[9.5,8.0,7.5,6.5],"rotation":0,"texture":"#0","tintindex":0},"down":{"uv":[5.0,8.0,3.0,9.5],"rotation":0,"texture":"#0","tintindex":0}}},{"from":[9.285714,9.857143,9.0],"to":[6.714286,7.857143,7.0],"rotation":{"angle":0.0,"axis":"y","origin":[3.4285712,6.285714,3.4285712]},"faces":{"east":{"uv":[15.5,15.5,16.0,16.0],"rotation":0,"texture":"#0","tintindex":0},"south":{"uv":[15.5,15.5,16.0,16.0],"rotation":0,"texture":"#0","tintindex":0},"north":{"uv":[15.5,15.5,16.0,16.0],"rotation":0,"texture":"#0","tintindex":0},"west":{"uv":[15.5,15.5,16.0,16.0],"rotation":0,"texture":"#0","tintindex":0},"up":{"uv":[15.5,15.5,16.0,16.0],"rotation":0,"texture":"#0","tintindex":0},"down":{"uv":[15.5,15.5,16.0,16.0],"rotation":0,"texture":"#0","tintindex":0}}}],"textures":{"0":"modelengine:entity/coily"},"display":{"head":{"translation":[0.0,-6.4,0.0],"scale":[4.0,4.0,4.0]}}}