{"elements":[{"from":[7.428571,5.142857,7.142857],"to":[8.571428,8.0,8.857143],"rotation":{"angle":0.0,"axis":"y","origin":[4.0,9.142858,7.714286]},"faces":{"east":{"uv":[8.0,3.5,8.75,4.75],"rotation":0,"texture":"#0","tintindex":0},"south":{"uv":[8.5,0.0,9.0,1.25],"rotation":0,"texture":"#0","tintindex":0},"north":{"uv":[2.5,5.0,3.0,6.25],"rotation":0,"texture":"#0","tintindex":0},"west":{"uv":[8.0,4.75,8.75,6.0],"rotation":0,"texture":"#0","tintindex":0},"up":{"uv":[9.5,0.75,9.0,0.0],"rotation":0,"texture":"#0","tintindex":0},"down":{"uv":[9.5,0.75,9.0,1.5],"rotation":0,"texture":"#0","tintindex":0}}}],"textures":{"0":"modelengine:entity/bulb_amethyst"},"display":{"head":{"translation":[0.0,-6.4,0.0],"scale":[4.0,4.0,4.0]}}}