{"elements":[{"from":[7.428571,5.142857,7.142857],"to":[8.571428,8.0,8.857143],"rotation":{"angle":0.0,"axis":"y","origin":[12.0,9.142858,7.714286]},"faces":{"east":{"uv":[3.5,9.75,4.25,11.0],"rotation":0,"texture":"#0","tintindex":0},"south":{"uv":[4.75,10.25,5.25,11.5],"rotation":0,"texture":"#0","tintindex":0},"north":{"uv":[4.25,10.25,4.75,11.5],"rotation":0,"texture":"#0","tintindex":0},"west":{"uv":[10.0,0.0,10.75,1.25],"rotation":0,"texture":"#0","tintindex":0},"up":{"uv":[2.0,11.75,1.5,11.0],"rotation":0,"texture":"#0","tintindex":0},"down":{"uv":[2.5,11.0,2.0,11.75],"rotation":0,"texture":"#0","tintindex":0}}}],"textures":{"0":"modelengine:entity/bulb_lilypad"},"display":{"head":{"translation":[0.0,-6.4,0.0],"scale":[4.0,4.0,4.0]}}}