{"elements":[{"from":[7.428571,8.0,7.428571],"to":[8.571428,8.571428,8.571428],"rotation":{"angle":0.0,"axis":"y","origin":[3.4285712,2.8571424,3.4285712]},"faces":{"east":{"uv":[10.0,10.5,11.0,11.0],"rotation":0,"texture":"#0","tintindex":0},"south":{"uv":[0.0,11.0,1.0,11.5],"rotation":0,"texture":"#0","tintindex":0},"north":{"uv":[8.0,10.5,9.0,11.0],"rotation":0,"texture":"#0","tintindex":0},"west":{"uv":[11.0,1.0,12.0,1.5],"rotation":0,"texture":"#0","tintindex":0},"up":{"uv":[11.0,4.0,10.0,3.0],"rotation":0,"texture":"#0","tintindex":0},"down":{"uv":[11.0,4.0,10.0,5.0],"rotation":0,"texture":"#0","tintindex":0}}},{"from":[8.714286,8.714286,8.714286],"to":[7.285714,7.857143,7.285714],"rotation":{"angle":0.0,"axis":"y","origin":[3.4285712,2.8571424,3.4285712]},"faces":{"east":{"uv":[15.5,15.5,16.0,16.0],"rotation":0,"texture":"#0","tintindex":0},"south":{"uv":[15.5,15.5,16.0,16.0],"rotation":0,"texture":"#0","tintindex":0},"north":{"uv":[15.5,15.5,16.0,16.0],"rotation":0,"texture":"#0","tintindex":0},"west":{"uv":[15.5,15.5,16.0,16.0],"rotation":0,"texture":"#0","tintindex":0},"up":{"uv":[15.5,15.5,16.0,16.0],"rotation":0,"texture":"#0","tintindex":0},"down":{"uv":[15.5,15.5,16.0,16.0],"rotation":0,"texture":"#0","tintindex":0}}},{"from":[9.0,9.285714,9.0],"to":[7.0,8.428572,7.0],"rotation":{"angle":0.0,"axis":"y","origin":[3.4285712,2.8571424,3.4285712]},"faces":{"east":{"uv":[15.5,15.5,16.0,16.0],"rotation":0,"texture":"#0","tintindex":0},"south":{"uv":[15.5,15.5,16.0,16.0],"rotation":0,"texture":"#0","tintindex":0},"north":{"uv":[15.5,15.5,16.0,16.0],"rotation":0,"texture":"#0","tintindex":0},"west":{"uv":[15.5,15.5,16.0,16.0],"rotation":0,"texture":"#0","tintindex":0},"up":{"uv":[15.5,15.5,16.0,16.0],"rotation":0,"texture":"#0","tintindex":0},"down":{"uv":[15.5,15.0,16.0,15.5],"rotation":0,"texture":"#0","tintindex":0}}},{"from":[7.142857,8.571428,7.142857],"to":[8.857143,9.142858,8.857143],"rotation":{"angle":0.0,"axis":"y","origin":[3.4285712,2.8571424,3.4285712]},"faces":{"east":{"uv":[0.0,10.5,1.5,11.0],"rotation":0,"texture":"#0","tintindex":0},"south":{"uv":[10.5,0.0,12.0,0.5],"rotation":0,"texture":"#0","tintindex":0},"north":{"uv":[10.0,10.0,11.5,10.5],"rotation":0,"texture":"#0","tintindex":0},"west":{"uv":[10.5,0.5,12.0,1.0],"rotation":0,"texture":"#0","tintindex":0},"up":{"uv":[3.0,10.5,1.5,9.0],"rotation":0,"texture":"#0","tintindex":0},"down":{"uv":[10.5,1.5,9.0,3.0],"rotation":0,"texture":"#0","tintindex":0}}}],"textures":{"0":"modelengine:entity/coily"},"display":{"head":{"translation":[0.0,-6.4,0.0],"scale":[4.0,4.0,4.0]}}}