{"elements":[{"from":[7.428571,6.857143,4.5714283],"to":[9.142858,9.714286,5.714286],"rotation":{"angle":0.0,"axis":"y","origin":[8.0,5.714286,5.714286]},"faces":{"east":{"uv":[4.5,11.0,3.5,13.5],"rotation":0,"texture":"#0","tintindex":0},"south":{"uv":[3.5,8.5,5.0,11.0],"rotation":0,"texture":"#0","tintindex":0},"north":{"uv":[2.0,7.0,3.5,9.5],"rotation":0,"texture":"#0","tintindex":0},"west":{"uv":[3.5,11.0,4.5,13.5],"rotation":0,"texture":"#0","tintindex":0},"up":{"uv":[14.0,4.0,12.5,3.0],"rotation":0,"texture":"#0","tintindex":0},"down":{"uv":[6.0,12.5,4.5,13.5],"rotation":0,"texture":"#0","tintindex":0}}},{"from":[7.142857,6.857143,5.714286],"to":[9.428572,10.285714,8.571428],"rotation":{"angle":0.0,"axis":"y","origin":[8.0,5.714286,5.714286]},"faces":{"east":{"uv":[6.0,3.0,3.5,6.0],"rotation":0,"texture":"#0","tintindex":0},"south":{"uv":[6.0,3.0,8.0,6.0],"rotation":0,"texture":"#0","tintindex":0},"north":{"uv":[6.0,0.0,8.0,3.0],"rotation":0,"texture":"#0","tintindex":0},"west":{"uv":[3.5,3.0,6.0,6.0],"rotation":0,"texture":"#0","tintindex":0},"up":{"uv":[5.5,8.5,3.5,6.0],"rotation":0,"texture":"#0","tintindex":0},"down":{"uv":[7.5,6.0,5.5,8.5],"rotation":0,"texture":"#0","tintindex":0}}},{"from":[7.142857,6.857143,8.571428],"to":[9.428572,9.714286,10.285714],"rotation":{"angle":0.0,"axis":"y","origin":[8.0,5.714286,5.714286]},"faces":{"east":{"uv":[8.0,8.5,6.5,11.0],"rotation":0,"texture":"#0","tintindex":0},"south":{"uv":[7.5,6.0,9.5,8.5],"rotation":0,"texture":"#0","tintindex":0},"north":{"uv":[0.0,7.0,2.0,9.5],"rotation":0,"texture":"#0","tintindex":0},"west":{"uv":[6.5,8.5,8.0,11.0],"rotation":0,"texture":"#0","tintindex":0},"up":{"uv":[12.0,5.5,10.0,4.0],"rotation":0,"texture":"#0","tintindex":0},"down":{"uv":[12.0,9.0,10.0,10.5],"rotation":0,"texture":"#0","tintindex":0}}}],"textures":{"0":"modelengine:entity/chameleon_invisible"},"display":{"head":{"translation":[0.0,-6.4,0.0],"scale":[4.0,4.0,4.0]}}}