{"elements":[{"from":[7.428571,7.285714,9.142858],"to":[8.571428,11.285714,13.142858],"rotation":{"angle":0.0,"axis":"y","origin":[7.714286,6.142857,3.4285712]},"faces":{"east":{"uv":[0.0,0.0,3.5,3.5],"rotation":0,"texture":"#0","tintindex":0},"south":{"uv":[9.0,8.5,10.0,12.0],"rotation":0,"texture":"#0","tintindex":0},"north":{"uv":[8.0,8.5,9.0,12.0],"rotation":0,"texture":"#0","tintindex":0},"west":{"uv":[3.5,0.0,0.0,3.5],"rotation":0,"texture":"#0","tintindex":0},"up":{"uv":[1.0,13.0,0.0,9.5],"rotation":0,"texture":"#0","tintindex":0},"down":{"uv":[2.0,9.5,1.0,13.0],"rotation":0,"texture":"#0","tintindex":0}}},{"from":[7.428571,7.285714,8.0],"to":[8.571428,8.428572,9.142858],"rotation":{"angle":0.0,"axis":"y","origin":[7.714286,6.142857,3.4285712]},"faces":{"east":{"uv":[8.5,13.0,9.5,14.0],"rotation":0,"texture":"#0","tintindex":0},"south":{"uv":[9.5,13.0,10.5,14.0],"rotation":0,"texture":"#0","tintindex":0},"north":{"uv":[13.0,4.0,14.0,5.0],"rotation":0,"texture":"#0","tintindex":0},"west":{"uv":[13.0,9.5,14.0,10.5],"rotation":0,"texture":"#0","tintindex":0},"up":{"uv":[14.0,11.5,13.0,10.5],"rotation":0,"texture":"#0","tintindex":0},"down":{"uv":[14.0,11.5,13.0,12.5],"rotation":0,"texture":"#0","tintindex":0}}}],"textures":{"0":"modelengine:entity/chameleon_invisible"},"display":{"head":{"translation":[0.0,-6.4,0.0],"scale":[4.0,4.0,4.0]}}}