{"elements":[{"from":[6.857143,6.285714,6.5714283],"to":[9.142858,9.142858,8.857143],"rotation":{"angle":0.0,"axis":"y","origin":[11.428572,-2.8571434,7.714286]},"faces":{"east":{"uv":[12.5,7.0,10.5,9.5],"rotation":0,"texture":"#0","tintindex":0},"south":{"uv":[12.5,4.5,10.5,7.0],"rotation":0,"texture":"#0","tintindex":0},"north":{"uv":[12.0,2.0,10.0,4.5],"rotation":0,"texture":"#0","tintindex":0},"west":{"uv":[2.0,10.5,0.0,13.0],"rotation":0,"texture":"#0","tintindex":0},"up":{"uv":[10.5,11.5,12.5,9.5],"rotation":0,"texture":"#0","tintindex":0},"down":{"uv":[7.5,11.0,9.5,13.0],"rotation":0,"texture":"#0","tintindex":0}}},{"from":[9.285714,9.285714,9.0],"to":[6.714286,6.142857,6.428571],"rotation":{"angle":0.0,"axis":"y","origin":[11.428572,-2.8571434,7.714286]},"faces":{"east":{"uv":[15.5,15.5,16.0,16.0],"rotation":0,"texture":"#0","tintindex":0},"south":{"uv":[15.5,15.5,16.0,16.0],"rotation":0,"texture":"#0","tintindex":0},"north":{"uv":[15.5,15.5,16.0,16.0],"rotation":0,"texture":"#0","tintindex":0},"west":{"uv":[15.5,15.5,16.0,16.0],"rotation":0,"texture":"#0","tintindex":0},"up":{"uv":[15.5,15.0,16.0,15.5],"rotation":0,"texture":"#0","tintindex":0},"down":{"uv":[15.5,15.5,16.0,16.0],"rotation":0,"texture":"#0","tintindex":0}}}],"textures":{"0":"modelengine:entity/baby_giant"},"display":{"head":{"translation":[0.0,-6.4,0.0],"scale":[4.0,4.0,4.0]}}}