{"elements":[{"from":[7.285714,6.714286,7.957143],"to":[8.142858,8.714286,7.957143],"rotation":{"angle":0.0,"axis":"y","origin":[9.142858,6.285714,7.4857144]},"faces":{"east":{"uv":[15.5,15.5,16.0,16.0],"rotation":0,"texture":"#0","tintindex":0},"south":{"uv":[15.5,15.5,16.0,16.0],"rotation":0,"texture":"#0","tintindex":0},"north":{"uv":[15.5,15.0,16.0,15.5],"rotation":0,"texture":"#0","tintindex":0},"west":{"uv":[15.5,15.5,16.0,16.0],"rotation":0,"texture":"#0","tintindex":0},"up":{"uv":[16.0,16.0,15.5,15.5],"rotation":0,"texture":"#0","tintindex":0},"down":{"uv":[16.0,16.0,15.5,15.5],"rotation":0,"texture":"#0","tintindex":0}}},{"from":[6.714286,6.142857,7.957143],"to":[7.5714283,8.714286,7.957143],"rotation":{"angle":0.0,"axis":"y","origin":[9.142858,6.285714,7.4857144]},"faces":{"east":{"uv":[15.5,15.5,16.0,16.0],"rotation":0,"texture":"#0","tintindex":0},"south":{"uv":[15.5,15.5,16.0,16.0],"rotation":0,"texture":"#0","tintindex":0},"north":{"uv":[15.5,15.0,16.0,15.5],"rotation":0,"texture":"#0","tintindex":0},"west":{"uv":[15.5,15.5,16.0,16.0],"rotation":0,"texture":"#0","tintindex":0},"up":{"uv":[16.0,16.0,15.5,15.5],"rotation":0,"texture":"#0","tintindex":0},"down":{"uv":[16.0,16.0,15.5,15.5],"rotation":0,"texture":"#0","tintindex":0}}},{"from":[6.714286,6.142857,8.014286],"to":[7.5714283,8.714286,8.014286],"rotation":{"angle":0.0,"axis":"y","origin":[9.142858,6.285714,8.514286]},"faces":{"east":{"uv":[16.0,15.5,15.5,16.0],"rotation":0,"texture":"#0","tintindex":0},"south":{"uv":[16.0,15.0,15.5,15.5],"rotation":0,"texture":"#0","tintindex":0},"north":{"uv":[16.0,15.5,15.5,16.0],"rotation":0,"texture":"#0","tintindex":0},"west":{"uv":[16.0,15.5,15.5,16.0],"rotation":0,"texture":"#0","tintindex":0},"up":{"uv":[16.0,15.5,15.5,16.0],"rotation":0,"texture":"#0","tintindex":0},"down":{"uv":[16.0,15.5,15.5,16.0],"rotation":0,"texture":"#0","tintindex":0}}},{"from":[7.285714,6.714286,8.014286],"to":[8.142858,8.714286,8.014286],"rotation":{"angle":0.0,"axis":"y","origin":[9.142858,6.285714,8.514286]},"faces":{"east":{"uv":[16.0,15.5,15.5,16.0],"rotation":0,"texture":"#0","tintindex":0},"south":{"uv":[16.0,15.0,15.5,15.5],"rotation":0,"texture":"#0","tintindex":0},"north":{"uv":[16.0,15.5,15.5,16.0],"rotation":0,"texture":"#0","tintindex":0},"west":{"uv":[16.0,15.5,15.5,16.0],"rotation":0,"texture":"#0","tintindex":0},"up":{"uv":[16.0,15.5,15.5,16.0],"rotation":0,"texture":"#0","tintindex":0},"down":{"uv":[16.0,15.5,15.5,16.0],"rotation":0,"texture":"#0","tintindex":0}}},{"from":[6.857143,6.285714,8.0],"to":[8.0,8.571428,8.0],"rotation":{"angle":0.0,"axis":"y","origin":[9.142858,6.285714,8.0]},"faces":{"east":{"uv":[0.0,0.0,0.0,2.0],"rotation":0,"texture":"#0","tintindex":0},"south":{"uv":[9.5,3.0,8.5,5.0],"rotation":0,"texture":"#0","tintindex":0},"north":{"uv":[8.5,3.0,9.5,5.0],"rotation":0,"texture":"#0","tintindex":0},"west":{"uv":[0.0,0.0,0.0,2.0],"rotation":0,"texture":"#0","tintindex":0},"up":{"uv":[0.0,0.0,1.0,0.0],"rotation":0,"texture":"#0","tintindex":0},"down":{"uv":[0.0,0.0,1.0,0.0],"rotation":0,"texture":"#0","tintindex":0}}}],"textures":{"0":"modelengine:entity/bunk_spiderling"},"display":{"head":{"translation":[0.0,-6.4,0.0],"scale":[4.0,4.0,4.0]}}}