{
	"credit": "Made with Blockbench",
	"texture_size": [128, 128],
	"textures": {
		"3": "modelengine:entity/gp2_goblin_warrior_parts"
	},
	"elements": [
		{
			"from": [7.2, 16.21196, 5.50312],
			"to": [9.6, 23.41196, 10.30312],
			"rotation": {"angle": 0, "axis": "x", "origin": [7.11794, 3.02942, 6.58254]},
			"faces": {
				"north": {"uv": [9, 8.75, 8.625, 9.875], "rotation": 180, "texture": "#3"},
				"east": {"uv": [6, 1.5, 7.125, 2.25], "rotation": 270, "texture": "#3"},
				"south": {"uv": [2.125, 9.75, 1.75, 8.625], "texture": "#3"},
				"west": {"uv": [6, 2.25, 7.125, 3], "rotation": 90, "texture": "#3"},
				"up": {"uv": [8.25, 9.625, 8.625, 10.375], "rotation": 180, "texture": "#3"},
				"down": {"uv": [1.5, 9.75, 1.875, 10.5], "texture": "#3"}
			}
		},
		{
			"from": [7.2, 2.61196, 6.70312],
			"to": [8.8, 16.21196, 9.10312],
			"rotation": {"angle": 0, "axis": "x", "origin": [7.11794, 3.02942, 6.58254]},
			"faces": {
				"north": {"uv": [2.75, 8, 2.5, 10.125], "rotation": 180, "texture": "#3"},
				"east": {"uv": [7, 5.875, 9.125, 6.25], "rotation": 270, "texture": "#3"},
				"south": {"uv": [2.5, 10.125, 2.25, 8], "texture": "#3"},
				"west": {"uv": [7.5, 0, 9.625, 0.375], "rotation": 90, "texture": "#3"},
				"up": {"uv": [4.5, 4.125, 4.75, 4.5], "rotation": 180, "texture": "#3"},
				"down": {"uv": [8, 1, 8.25, 1.375], "texture": "#3"}
			}
		}
	],
	"gui_light": "front",
	"display": {
		"thirdperson_righthand": {
			"rotation": [0, 19, 0],
			"translation": [0, -1.25, 2]
		},
		"thirdperson_lefthand": {
			"rotation": [0, 19, 0],
			"translation": [0, -1.25, 2]
		},
		"firstperson_righthand": {
			"rotation": [-26, 1, 0],
			"translation": [1.5, -1, 0]
		},
		"firstperson_lefthand": {
			"rotation": [-26, 1, 0],
			"translation": [1.5, -1, 0]
		},
		"ground": {
			"rotation": [40, 0, 0],
			"translation": [0, 4, 0],
			"scale": [0.8, 0.8, 0.8]
		},
		"gui": {
			"rotation": [-56, -39, -77],
			"translation": [-3, -2.25, 0],
			"scale": [0.65, 0.65, 0.65]
		}
	},
	"groups": [
		{
			"name": "wooden_spoon",
			"origin": [8.5, 4.5, 19.25],
			"color": 0,
			"children": [0, 1]
		}
	]
}