{"elements":[{"from":[6.5714283,7.428571,0.85714245],"to":[9.428572,8.571428,15.142858],"rotation":{"angle":0.0,"axis":"y","origin":[30.57143,8.0,6.5714283]},"faces":{"east":{"uv":[7.75,1.5,10.875,1.75],"rotation":0,"texture":"#0","tintindex":0},"south":{"uv":[7.75,7.0,8.375,7.25],"rotation":0,"texture":"#0","tintindex":0},"north":{"uv":[7.75,6.75,8.375,7.0],"rotation":0,"texture":"#0","tintindex":0},"west":{"uv":[7.75,1.75,10.875,2.0],"rotation":0,"texture":"#0","tintindex":0},"up":{"uv":[0.625,9.375,0.0,6.25],"rotation":0,"texture":"#0","tintindex":0},"down":{"uv":[1.25,6.25,0.625,9.375],"rotation":0,"texture":"#0","tintindex":0}}}],"textures":{"0":"modelengine:entity/azriel_book"},"display":{"head":{"translation":[0.0,-6.4,0.0],"scale":[4.0,4.0,4.0]}}}