{
	"credit": "Made with Blockbench",
	"texture_size": [64, 64],
	"textures": {
		"0": "modelengine:entity/king_jelly"
	},
	"elements": [
		{
			"from": [0, 0, 0],
			"to": [16, 16, 16],
			"rotation": {"angle": 0, "axis": "y", "origin": [8, 0, 8]},
			"faces": {
				"north": {"uv": [0, 0, 4, 4], "texture": "#0"},
				"east": {"uv": [0, 0, 4, 4], "texture": "#0"},
				"south": {"uv": [0, 0, 4, 4], "texture": "#0"},
				"west": {"uv": [0, 0, 4, 4], "texture": "#0"},
				"up": {"uv": [12, 4, 8, 0], "texture": "#0"},
				"down": {"uv": [4, 8, 0, 12], "texture": "#0"}
			}
		},
		{
			"from": [3.5, 16, 3.5],
			"to": [12.5, 20, 12.5],
			"rotation": {"angle": 0, "axis": "y", "origin": [8, 0, 8]},
			"faces": {
				"north": {"uv": [8.75, 7.75, 11, 8.75], "texture": "#0"},
				"east": {"uv": [8.75, 7.75, 11, 8.75], "texture": "#0"},
				"south": {"uv": [11, 7.75, 8.75, 8.75], "texture": "#0"},
				"west": {"uv": [8.75, 7.75, 11, 8.75], "texture": "#0"},
				"up": {"uv": [6.25, 10.25, 4, 8], "texture": "#0"},
				"down": {"uv": [10.25, 4, 8, 6.25], "texture": "#0"}
			}
		},
		{
			"from": [6, 19.41421, 2.08579],
			"to": [10, 22.41421, 2.08579],
			"rotation": {"angle": -45, "axis": "x", "origin": [3, 21.41421, 2.08579]},
			"faces": {
				"north": {"uv": [10.5, 7, 11.5, 7.75], "texture": "#0"},
				"east": {"uv": [0, 0, 0, 0.75], "texture": "#0"},
				"south": {"uv": [10.5, 7, 11.5, 7.75], "texture": "#0"},
				"west": {"uv": [0, 0, 0, 0.75], "texture": "#0"},
				"up": {"uv": [1, 0, 0, 0], "texture": "#0"},
				"down": {"uv": [1, 0, 0, 0], "texture": "#0"}
			}
		},
		{
			"from": [6, 22.41421, 2.08579],
			"to": [10, 22.41421, 6.08579],
			"rotation": {"angle": -45, "axis": "x", "origin": [3, 21.41421, 2.08579]},
			"faces": {
				"north": {"uv": [0, 0, 1, 0], "texture": "#0"},
				"east": {"uv": [0, 0, 1, 0], "texture": "#0"},
				"south": {"uv": [0, 0, 1, 0], "texture": "#0"},
				"west": {"uv": [0, 0, 1, 0], "texture": "#0"},
				"up": {"uv": [8, 11.5, 7, 10.5], "texture": "#0"},
				"down": {"uv": [8, 10.25, 7, 11.25], "texture": "#0"}
			}
		},
		{
			"from": [6, 20, 6],
			"to": [10, 23, 10],
			"rotation": {"angle": 0, "axis": "y", "origin": [3, 22, -0.5]},
			"faces": {
				"north": {"uv": [11, 7.75, 12, 8.5], "texture": "#0"},
				"east": {"uv": [11, 8.5, 12, 9.25], "texture": "#0"},
				"south": {"uv": [11, 10.75, 12, 11.5], "texture": "#0"},
				"west": {"uv": [4, 11.25, 5, 12], "texture": "#0"},
				"up": {"uv": [10, 11.75, 9, 10.75], "texture": "#0"},
				"down": {"uv": [11.75, 9.75, 10.75, 10.75], "texture": "#0"}
			}
		},
		{
			"from": [6, 22.24193, 4.91351],
			"to": [10, 25.24193, 4.91351],
			"rotation": {"angle": -45, "axis": "x", "origin": [3, 24.24193, 4.91351]},
			"faces": {
				"north": {"uv": [6, 11.5, 7, 12.25], "texture": "#0"},
				"east": {"uv": [0, 0, 0, 0.75], "texture": "#0"},
				"south": {"uv": [6, 11.5, 7, 12.25], "texture": "#0"},
				"west": {"uv": [0, 0, 0, 0.75], "texture": "#0"},
				"up": {"uv": [1, 0, 0, 0], "texture": "#0"},
				"down": {"uv": [1, 0, 0, 0], "texture": "#0"}
			}
		},
		{
			"from": [3.5, 20, 3.5],
			"to": [12.5, 22, 3.5],
			"rotation": {"angle": 0, "axis": "y", "origin": [8, 0, 8]},
			"faces": {
				"north": {"uv": [10.5, 6, 12.75, 6.5], "texture": "#0"},
				"east": {"uv": [0, 0, 0, 0.5], "texture": "#0"},
				"south": {"uv": [10.5, 6, 12.75, 6.5], "texture": "#0"},
				"west": {"uv": [0, 0, 0, 0.5], "texture": "#0"},
				"up": {"uv": [2.25, 0, 0, 0], "texture": "#0"},
				"down": {"uv": [2.25, 0, 0, 0], "texture": "#0"}
			}
		},
		{
			"from": [4, 20, 4],
			"to": [12, 22, 12],
			"rotation": {"angle": 0, "axis": "y", "origin": [3, 22, -0.5]},
			"faces": {
				"north": {"uv": [14, 4, 16, 4.5], "texture": "#0"},
				"east": {"uv": [14, 4.5, 16, 5], "texture": "#0"},
				"south": {"uv": [14, 5, 16, 5.5], "texture": "#0"},
				"west": {"uv": [14, 5.5, 16, 6], "texture": "#0"},
				"up": {"uv": [16, 2, 14, 0], "texture": "#0"},
				"down": {"uv": [16, 2, 14, 4], "texture": "#0"}
			}
		},
		{
			"from": [12.5, 20, 3.5],
			"to": [12.5, 22, 12.5],
			"rotation": {"angle": 0, "axis": "y", "origin": [8, 0, 8]},
			"faces": {
				"north": {"uv": [0, 0, 0, 0.5], "texture": "#0"},
				"east": {"uv": [10.5, 6, 12.75, 6.5], "texture": "#0"},
				"south": {"uv": [0, 0, 0, 0.5], "texture": "#0"},
				"west": {"uv": [10.5, 6, 12.75, 6.5], "texture": "#0"},
				"up": {"uv": [2.25, 0, 0, 0], "rotation": 90, "texture": "#0"},
				"down": {"uv": [2.25, 0, 0, 0], "rotation": 270, "texture": "#0"}
			}
		},
		{
			"from": [11.08649, 22.24193, 6],
			"to": [11.08649, 25.24193, 10],
			"rotation": {"angle": -45, "axis": "z", "origin": [11.08649, 24.24193, 3]},
			"faces": {
				"north": {"uv": [0, 0, 0, 0.75], "texture": "#0"},
				"east": {"uv": [6, 11.5, 7, 12.25], "texture": "#0"},
				"south": {"uv": [0, 0, 0, 0.75], "texture": "#0"},
				"west": {"uv": [6, 11.5, 7, 12.25], "texture": "#0"},
				"up": {"uv": [1, 0, 0, 0], "rotation": 90, "texture": "#0"},
				"down": {"uv": [1, 0, 0, 0], "rotation": 270, "texture": "#0"}
			}
		},
		{
			"from": [13.91421, 19.41421, 6],
			"to": [13.91421, 22.41421, 10],
			"rotation": {"angle": -45, "axis": "z", "origin": [13.91421, 21.41421, 3]},
			"faces": {
				"north": {"uv": [0, 0, 0, 0.75], "texture": "#0"},
				"east": {"uv": [10.5, 7, 11.5, 7.75], "texture": "#0"},
				"south": {"uv": [0, 0, 0, 0.75], "texture": "#0"},
				"west": {"uv": [10.5, 7, 11.5, 7.75], "texture": "#0"},
				"up": {"uv": [1, 0, 0, 0], "rotation": 90, "texture": "#0"},
				"down": {"uv": [1, 0, 0, 0], "rotation": 270, "texture": "#0"}
			}
		},
		{
			"from": [9.91421, 22.41421, 6],
			"to": [13.91421, 22.41421, 10],
			"rotation": {"angle": -45, "axis": "z", "origin": [13.91421, 21.41421, 3]},
			"faces": {
				"north": {"uv": [0, 0, 1, 0], "texture": "#0"},
				"east": {"uv": [0, 0, 1, 0], "texture": "#0"},
				"south": {"uv": [0, 0, 1, 0], "texture": "#0"},
				"west": {"uv": [0, 0, 1, 0], "texture": "#0"},
				"up": {"uv": [8, 11.5, 7, 10.5], "rotation": 90, "texture": "#0"},
				"down": {"uv": [8, 10.25, 7, 11.25], "rotation": 270, "texture": "#0"}
			}
		},
		{
			"from": [3.5, 20, 12.5],
			"to": [12.5, 22, 12.5],
			"rotation": {"angle": 0, "axis": "y", "origin": [8, 0, 8]},
			"faces": {
				"north": {"uv": [10.5, 6, 12.75, 6.5], "texture": "#0"},
				"east": {"uv": [0, 0, 0, 0.5], "texture": "#0"},
				"south": {"uv": [10.5, 6, 12.75, 6.5], "texture": "#0"},
				"west": {"uv": [0, 0, 0, 0.5], "texture": "#0"},
				"up": {"uv": [2.25, 0, 0, 0], "rotation": 180, "texture": "#0"},
				"down": {"uv": [2.25, 0, 0, 0], "rotation": 180, "texture": "#0"}
			}
		},
		{
			"from": [6, 22.24193, 11.08649],
			"to": [10, 25.24193, 11.08649],
			"rotation": {"angle": 45, "axis": "x", "origin": [13, 24.24193, 11.08649]},
			"faces": {
				"north": {"uv": [6, 11.5, 7, 12.25], "texture": "#0"},
				"east": {"uv": [0, 0, 0, 0.75], "texture": "#0"},
				"south": {"uv": [6, 11.5, 7, 12.25], "texture": "#0"},
				"west": {"uv": [0, 0, 0, 0.75], "texture": "#0"},
				"up": {"uv": [1, 0, 0, 0], "rotation": 180, "texture": "#0"},
				"down": {"uv": [1, 0, 0, 0], "rotation": 180, "texture": "#0"}
			}
		},
		{
			"from": [6, 19.41421, 13.91421],
			"to": [10, 22.41421, 13.91421],
			"rotation": {"angle": 45, "axis": "x", "origin": [13, 21.41421, 13.91421]},
			"faces": {
				"north": {"uv": [10.5, 7, 11.5, 7.75], "texture": "#0"},
				"east": {"uv": [0, 0, 0, 0.75], "texture": "#0"},
				"south": {"uv": [10.5, 7, 11.5, 7.75], "texture": "#0"},
				"west": {"uv": [0, 0, 0, 0.75], "texture": "#0"},
				"up": {"uv": [1, 0, 0, 0], "rotation": 180, "texture": "#0"},
				"down": {"uv": [1, 0, 0, 0], "rotation": 180, "texture": "#0"}
			}
		},
		{
			"from": [6, 22.41421, 9.91421],
			"to": [10, 22.41421, 13.91421],
			"rotation": {"angle": 45, "axis": "x", "origin": [13, 21.41421, 13.91421]},
			"faces": {
				"north": {"uv": [0, 0, 1, 0], "texture": "#0"},
				"east": {"uv": [0, 0, 1, 0], "texture": "#0"},
				"south": {"uv": [0, 0, 1, 0], "texture": "#0"},
				"west": {"uv": [0, 0, 1, 0], "texture": "#0"},
				"up": {"uv": [8, 11.5, 7, 10.5], "rotation": 180, "texture": "#0"},
				"down": {"uv": [8, 10.25, 7, 11.25], "rotation": 180, "texture": "#0"}
			}
		},
		{
			"from": [3.5, 20, 3.5],
			"to": [3.5, 22, 12.5],
			"rotation": {"angle": 0, "axis": "y", "origin": [8, 0, 8]},
			"faces": {
				"north": {"uv": [0, 0, 0, 0.5], "texture": "#0"},
				"east": {"uv": [10.5, 6, 12.75, 6.5], "texture": "#0"},
				"south": {"uv": [0, 0, 0, 0.5], "texture": "#0"},
				"west": {"uv": [10.5, 6, 12.75, 6.5], "texture": "#0"},
				"up": {"uv": [2.25, 0, 0, 0], "rotation": 270, "texture": "#0"},
				"down": {"uv": [2.25, 0, 0, 0], "rotation": 90, "texture": "#0"}
			}
		},
		{
			"from": [4.91351, 22.24193, 6],
			"to": [4.91351, 25.24193, 10],
			"rotation": {"angle": 45, "axis": "z", "origin": [4.91351, 24.24193, 13]},
			"faces": {
				"north": {"uv": [0, 0, 0, 0.75], "texture": "#0"},
				"east": {"uv": [6, 11.5, 7, 12.25], "texture": "#0"},
				"south": {"uv": [0, 0, 0, 0.75], "texture": "#0"},
				"west": {"uv": [6, 11.5, 7, 12.25], "texture": "#0"},
				"up": {"uv": [1, 0, 0, 0], "rotation": 270, "texture": "#0"},
				"down": {"uv": [1, 0, 0, 0], "rotation": 90, "texture": "#0"}
			}
		},
		{
			"from": [2.08579, 19.41421, 6],
			"to": [2.08579, 22.41421, 10],
			"rotation": {"angle": 45, "axis": "z", "origin": [2.08579, 21.41421, 13]},
			"faces": {
				"north": {"uv": [0, 0, 0, 0.75], "texture": "#0"},
				"east": {"uv": [10.5, 7, 11.5, 7.75], "texture": "#0"},
				"south": {"uv": [0, 0, 0, 0.75], "texture": "#0"},
				"west": {"uv": [10.5, 7, 11.5, 7.75], "texture": "#0"},
				"up": {"uv": [1, 0, 0, 0], "rotation": 270, "texture": "#0"},
				"down": {"uv": [1, 0, 0, 0], "rotation": 90, "texture": "#0"}
			}
		},
		{
			"from": [2.08579, 22.41421, 6],
			"to": [6.08579, 22.41421, 10],
			"rotation": {"angle": 45, "axis": "z", "origin": [2.08579, 21.41421, 13]},
			"faces": {
				"north": {"uv": [0, 0, 1, 0], "texture": "#0"},
				"east": {"uv": [0, 0, 1, 0], "texture": "#0"},
				"south": {"uv": [0, 0, 1, 0], "texture": "#0"},
				"west": {"uv": [0, 0, 1, 0], "texture": "#0"},
				"up": {"uv": [8, 11.5, 7, 10.5], "rotation": 270, "texture": "#0"},
				"down": {"uv": [8, 10.25, 7, 11.25], "rotation": 90, "texture": "#0"}
			}
		},
		{
			"from": [3, 5, -0.05],
			"to": [13, 11, -0.05],
			"rotation": {"angle": 0, "axis": "y", "origin": [8, -2, 8]},
			"faces": {
				"north": {"uv": [6.25, 8, 8.75, 9.5], "texture": "#0"},
				"east": {"uv": [0, 0, 0, 1.5], "texture": "#0"},
				"south": {"uv": [13.5, 0, 16, 1.5], "texture": "#0"},
				"west": {"uv": [0, 0, 0, 1.5], "texture": "#0"},
				"up": {"uv": [2.5, 0, 0, 0], "texture": "#0"},
				"down": {"uv": [2.5, 0, 0, 0], "texture": "#0"}
			}
		},
		{
			"from": [2, 4, -0.15],
			"to": [8, 8, -0.15],
			"rotation": {"angle": 0, "axis": "y", "origin": [8, -2, 8]},
			"faces": {
				"north": {"uv": [10.25, 5, 11.75, 6], "texture": "#0"},
				"east": {"uv": [0, 0, 0, 1], "texture": "#0"},
				"south": {"uv": [11.75, 5, 10.25, 6], "texture": "#0"},
				"west": {"uv": [0, 0, 0, 1], "texture": "#0"},
				"up": {"uv": [1.5, 0, 0, 0], "texture": "#0"},
				"down": {"uv": [1.5, 0, 0, 0], "texture": "#0"}
			}
		},
		{
			"from": [8, 4, -0.15],
			"to": [14, 8, -0.15],
			"rotation": {"angle": 0, "axis": "y", "origin": [8, -2, 8]},
			"faces": {
				"north": {"uv": [4, 10.25, 5.5, 11.25], "texture": "#0"},
				"east": {"uv": [0, 0, 0, 1], "texture": "#0"},
				"south": {"uv": [5.5, 10.25, 4, 11.25], "texture": "#0"},
				"west": {"uv": [0, 0, 0, 1], "texture": "#0"},
				"up": {"uv": [1.5, 0, 0, 0], "texture": "#0"},
				"down": {"uv": [1.5, 0, 0, 0], "texture": "#0"}
			}
		}
	],
	"gui_light": "front",
	"display": {
		"gui": {
			"rotation": [15, -165, 0],
			"translation": [-0.25, -2, 0],
			"scale": [0.5, 0.5, 0.5]
		}
	},
	"groups": [
		{
			"name": "h_body",
			"origin": [8, 0, 8],
			"color": 0,
			"children": [
				0,
				{
					"name": "h_crown",
					"origin": [8, 16.02307, 8],
					"color": 0,
					"children": [1, 2, 3, 4, 5, 6, 7, 8, 9, 10, 11, 12, 13, 14, 15, 16, 17, 18, 19]
				},
				{
					"name": "h_face",
					"origin": [8, 8, -0.05],
					"color": 0,
					"children": [
						20,
						{
							"name": "h_stashe_left",
							"origin": [7, 7, -0.15],
							"color": 0,
							"children": [21]
						},
						{
							"name": "h_stashe_right",
							"origin": [9, 7, -0.15],
							"color": 0,
							"children": [22]
						}
					]
				}
			]
		}
	]
}