{"elements":[{"from":[2.8571424,-1.1428576,8.0],"to":[13.142858,8.0,8.0],"rotation":{"angle":0.0,"axis":"y","origin":[8.0,24.285715,12.285715]},"faces":{"east":{"uv":[0.0,0.0,0.0,1.0],"rotation":0,"texture":"#2","tintindex":0},"south":{"uv":[1.125,6.25,2.25,7.25],"rotation":0,"texture":"#2","tintindex":0},"north":{"uv":[2.25,6.25,1.125,7.25],"rotation":0,"texture":"#2","tintindex":0},"west":{"uv":[0.0,0.0,0.0,1.0],"rotation":0,"texture":"#2","tintindex":0},"up":{"uv":[1.125,0.0,0.0,0.0],"rotation":0,"texture":"#2","tintindex":0},"down":{"uv":[1.125,0.0,0.0,0.0],"rotation":0,"texture":"#2","tintindex":0}}}],"textures":{"2":"modelengine:entity/azriel"},"display":{"head":{"translation":[0.0,-6.4,0.0],"scale":[4.0,4.0,4.0]}}}