{"elements":[{"from":[7.4228573,5.9942856,7.1371427],"to":[8.577143,8.862857,8.862857],"rotation":{"angle":0.0,"axis":"y","origin":[10.571428,11.714286,8.0]},"faces":{"east":{"uv":[5.5,10.0,4.0,12.5],"rotation":0,"texture":"#0","tintindex":0},"south":{"uv":[2.0,11.5,1.0,14.0],"rotation":0,"texture":"#0","tintindex":0},"north":{"uv":[1.0,11.5,0.0,14.0],"rotation":0,"texture":"#0","tintindex":0},"west":{"uv":[4.0,10.0,2.5,12.5],"rotation":0,"texture":"#0","tintindex":0},"up":{"uv":[7.0,14.5,8.0,13.0],"rotation":0,"texture":"#0","tintindex":0},"down":{"uv":[13.0,7.5,14.0,9.0],"rotation":0,"texture":"#0","tintindex":0}}},{"from":[8.714286,9.0,9.0],"to":[7.285714,5.8571424,7.0],"rotation":{"angle":0.0,"axis":"y","origin":[10.571428,11.714286,8.0]},"faces":{"east":{"uv":[16.0,15.5,15.5,16.0],"rotation":0,"texture":"#0","tintindex":0},"south":{"uv":[16.0,15.5,15.5,16.0],"rotation":0,"texture":"#0","tintindex":0},"north":{"uv":[16.0,15.5,15.5,16.0],"rotation":0,"texture":"#0","tintindex":0},"west":{"uv":[16.0,15.5,15.5,16.0],"rotation":0,"texture":"#0","tintindex":0},"up":{"uv":[16.0,15.5,15.5,16.0],"rotation":0,"texture":"#0","tintindex":0},"down":{"uv":[16.0,15.5,15.5,16.0],"rotation":0,"texture":"#0","tintindex":0}}}],"textures":{"0":"modelengine:entity/baboon_chick"},"display":{"head":{"translation":[0.0,-6.4,0.0],"scale":[4.0,4.0,4.0]}}}