{"elements":[{"from":[6.5714283,7.714286,6.857143],"to":[9.428572,9.428572,9.142858],"rotation":{"angle":0.0,"axis":"y","origin":[8.0,11.714286,8.0]},"faces":{"east":{"uv":[5.5,10.0,7.5,11.5],"rotation":0,"texture":"#0","tintindex":0},"south":{"uv":[10.0,0.0,12.5,1.5],"rotation":0,"texture":"#0","tintindex":0},"north":{"uv":[0.0,10.0,2.5,11.5],"rotation":0,"texture":"#0","tintindex":0},"west":{"uv":[10.0,7.0,12.0,8.5],"rotation":0,"texture":"#0","tintindex":0},"up":{"uv":[10.0,9.5,7.5,7.5],"rotation":0,"texture":"#0","tintindex":0},"down":{"uv":[11.5,5.0,9.0,7.0],"rotation":0,"texture":"#0","tintindex":0}}},{"from":[9.571428,9.571428,9.285714],"to":[6.428571,7.5714283,6.714286],"rotation":{"angle":0.0,"axis":"y","origin":[8.0,11.714286,8.0]},"faces":{"east":{"uv":[15.5,15.5,16.0,16.0],"rotation":0,"texture":"#0","tintindex":0},"south":{"uv":[15.5,15.5,16.0,16.0],"rotation":0,"texture":"#0","tintindex":0},"north":{"uv":[15.5,15.5,16.0,16.0],"rotation":0,"texture":"#0","tintindex":0},"west":{"uv":[15.5,15.5,16.0,16.0],"rotation":0,"texture":"#0","tintindex":0},"up":{"uv":[15.5,15.5,16.0,16.0],"rotation":0,"texture":"#0","tintindex":0},"down":{"uv":[15.5,15.0,16.0,15.5],"rotation":0,"texture":"#0","tintindex":0}}},{"from":[6.0,9.142858,6.5714283],"to":[10.0,12.0,9.428572],"rotation":{"angle":-22.5,"axis":"x","origin":[8.0,10.571428,8.0]},"faces":{"east":{"uv":[7.0,2.5,9.5,5.0],"rotation":0,"texture":"#0","tintindex":0},"south":{"uv":[0.0,2.5,3.5,5.0],"rotation":0,"texture":"#0","tintindex":0},"north":{"uv":[0.0,0.0,3.5,2.5],"rotation":0,"texture":"#0","tintindex":0},"west":{"uv":[0.0,7.5,2.5,10.0],"rotation":0,"texture":"#0","tintindex":0},"up":{"uv":[7.0,2.5,3.5,0.0],"rotation":0,"texture":"#0","tintindex":0},"down":{"uv":[7.0,2.5,3.5,5.0],"rotation":0,"texture":"#0","tintindex":0}}},{"from":[10.142858,12.142858,9.571428],"to":[5.8571424,9.0,6.428571],"rotation":{"angle":-22.5,"axis":"x","origin":[8.0,10.571428,8.0]},"faces":{"east":{"uv":[15.5,15.5,16.0,16.0],"rotation":0,"texture":"#0","tintindex":0},"south":{"uv":[15.5,15.5,16.0,16.0],"rotation":0,"texture":"#0","tintindex":0},"north":{"uv":[15.5,15.5,16.0,16.0],"rotation":0,"texture":"#0","tintindex":0},"west":{"uv":[15.5,15.5,16.0,16.0],"rotation":0,"texture":"#0","tintindex":0},"up":{"uv":[15.5,15.5,16.0,16.0],"rotation":0,"texture":"#0","tintindex":0},"down":{"uv":[15.5,15.5,16.0,16.0],"rotation":0,"texture":"#0","tintindex":0}}},{"from":[8.0,10.854154,9.429166],"to":[8.0,13.139868,10.572023],"rotation":{"angle":-45.0,"axis":"x","origin":[9.143429,10.854154,9.429166]},"faces":{"east":{"uv":[13.0,8.5,12.0,10.5],"rotation":0,"texture":"#0","tintindex":0},"south":{"uv":[0.0,0.0,0.0,2.0],"rotation":0,"texture":"#0","tintindex":0},"north":{"uv":[0.0,0.0,0.0,2.0],"rotation":0,"texture":"#0","tintindex":0},"west":{"uv":[12.0,8.5,13.0,10.5],"rotation":0,"texture":"#0","tintindex":0},"up":{"uv":[0.0,1.0,0.0,0.0],"rotation":0,"texture":"#0","tintindex":0},"down":{"uv":[0.0,0.0,0.0,1.0],"rotation":0,"texture":"#0","tintindex":0}}},{"from":[8.014286,10.711296,9.286309],"to":[8.014286,11.5684395,10.71488],"rotation":{"angle":-45.0,"axis":"x","origin":[9.143429,10.854154,9.429166]},"faces":{"east":{"uv":[15.5,15.0,16.0,15.5],"rotation":0,"texture":"#0","tintindex":0},"south":{"uv":[15.5,15.5,16.0,16.0],"rotation":0,"texture":"#0","tintindex":0},"north":{"uv":[15.5,15.5,16.0,16.0],"rotation":0,"texture":"#0","tintindex":0},"west":{"uv":[15.5,15.5,16.0,16.0],"rotation":0,"texture":"#0","tintindex":0},"up":{"uv":[15.5,15.5,16.0,16.0],"rotation":0,"texture":"#0","tintindex":0},"down":{"uv":[15.5,15.5,16.0,16.0],"rotation":0,"texture":"#0","tintindex":0}}},{"from":[8.014286,11.854154,9.286309],"to":[8.014286,12.711297,10.71488],"rotation":{"angle":-45.0,"axis":"x","origin":[9.143429,10.854154,9.429166]},"faces":{"east":{"uv":[15.5,15.0,16.0,15.5],"rotation":0,"texture":"#0","tintindex":0},"south":{"uv":[15.5,15.5,16.0,16.0],"rotation":0,"texture":"#0","tintindex":0},"north":{"uv":[15.5,15.5,16.0,16.0],"rotation":0,"texture":"#0","tintindex":0},"west":{"uv":[15.5,15.5,16.0,16.0],"rotation":0,"texture":"#0","tintindex":0},"up":{"uv":[15.5,15.5,16.0,16.0],"rotation":0,"texture":"#0","tintindex":0},"down":{"uv":[15.5,15.5,16.0,16.0],"rotation":0,"texture":"#0","tintindex":0}}},{"from":[8.014286,11.282725,9.286309],"to":[8.014286,13.282725,10.143452],"rotation":{"angle":-45.0,"axis":"x","origin":[9.143429,10.854154,9.429166]},"faces":{"east":{"uv":[15.5,15.0,16.0,15.5],"rotation":0,"texture":"#0","tintindex":0},"south":{"uv":[15.5,15.5,16.0,16.0],"rotation":0,"texture":"#0","tintindex":0},"north":{"uv":[15.5,15.5,16.0,16.0],"rotation":0,"texture":"#0","tintindex":0},"west":{"uv":[15.5,15.5,16.0,16.0],"rotation":0,"texture":"#0","tintindex":0},"up":{"uv":[15.5,15.5,16.0,16.0],"rotation":0,"texture":"#0","tintindex":0},"down":{"uv":[15.5,15.5,16.0,16.0],"rotation":0,"texture":"#0","tintindex":0}}},{"from":[7.9857144,11.282725,9.286309],"to":[7.9857144,13.282725,10.143452],"rotation":{"angle":-45.0,"axis":"x","origin":[6.856571,10.854154,9.429166]},"faces":{"east":{"uv":[16.0,15.5,15.5,16.0],"rotation":0,"texture":"#0","tintindex":0},"south":{"uv":[16.0,15.5,15.5,16.0],"rotation":0,"texture":"#0","tintindex":0},"north":{"uv":[16.0,15.5,15.5,16.0],"rotation":0,"texture":"#0","tintindex":0},"west":{"uv":[16.0,15.0,15.5,15.5],"rotation":0,"texture":"#0","tintindex":0},"up":{"uv":[16.0,15.5,15.5,16.0],"rotation":0,"texture":"#0","tintindex":0},"down":{"uv":[16.0,15.5,15.5,16.0],"rotation":0,"texture":"#0","tintindex":0}}},{"from":[7.9857144,10.711296,9.286309],"to":[7.9857144,11.5684395,10.71488],"rotation":{"angle":-45.0,"axis":"x","origin":[6.856571,10.854154,9.429166]},"faces":{"east":{"uv":[16.0,15.5,15.5,16.0],"rotation":0,"texture":"#0","tintindex":0},"south":{"uv":[16.0,15.5,15.5,16.0],"rotation":0,"texture":"#0","tintindex":0},"north":{"uv":[16.0,15.5,15.5,16.0],"rotation":0,"texture":"#0","tintindex":0},"west":{"uv":[16.0,15.0,15.5,15.5],"rotation":0,"texture":"#0","tintindex":0},"up":{"uv":[16.0,15.5,15.5,16.0],"rotation":0,"texture":"#0","tintindex":0},"down":{"uv":[16.0,15.5,15.5,16.0],"rotation":0,"texture":"#0","tintindex":0}}},{"from":[7.9857144,11.854154,9.286309],"to":[7.9857144,12.711297,10.71488],"rotation":{"angle":-45.0,"axis":"x","origin":[6.856571,10.854154,9.429166]},"faces":{"east":{"uv":[16.0,15.5,15.5,16.0],"rotation":0,"texture":"#0","tintindex":0},"south":{"uv":[16.0,15.5,15.5,16.0],"rotation":0,"texture":"#0","tintindex":0},"north":{"uv":[16.0,15.5,15.5,16.0],"rotation":0,"texture":"#0","tintindex":0},"west":{"uv":[16.0,15.0,15.5,15.5],"rotation":0,"texture":"#0","tintindex":0},"up":{"uv":[16.0,15.5,15.5,16.0],"rotation":0,"texture":"#0","tintindex":0},"down":{"uv":[16.0,15.5,15.5,16.0],"rotation":0,"texture":"#0","tintindex":0}}},{"from":[9.142858,10.854154,7.1434517],"to":[9.142858,12.5684395,9.429166],"rotation":{"angle":22.5,"axis":"x","origin":[9.143429,10.854154,9.429166]},"faces":{"east":{"uv":[10.5,8.5,12.0,10.5],"rotation":90,"texture":"#0","tintindex":0},"south":{"uv":[0.0,0.0,0.0,2.0],"rotation":0,"texture":"#0","tintindex":0},"north":{"uv":[0.0,0.0,0.0,2.0],"rotation":0,"texture":"#0","tintindex":0},"west":{"uv":[10.5,10.5,12.0,8.5],"rotation":90,"texture":"#0","tintindex":0},"up":{"uv":[0.0,1.5,0.0,0.0],"rotation":0,"texture":"#0","tintindex":0},"down":{"uv":[0.0,0.0,0.0,1.5],"rotation":0,"texture":"#0","tintindex":0}}},{"from":[6.857143,10.854154,7.1434517],"to":[6.857143,12.5684395,9.429166],"rotation":{"angle":22.5,"axis":"x","origin":[6.856571,10.854154,9.429166]},"faces":{"east":{"uv":[10.5,8.5,12.0,10.5],"rotation":90,"texture":"#0","tintindex":0},"south":{"uv":[0.0,0.0,0.0,2.0],"rotation":0,"texture":"#0","tintindex":0},"north":{"uv":[0.0,0.0,0.0,2.0],"rotation":0,"texture":"#0","tintindex":0},"west":{"uv":[10.5,10.5,12.0,8.5],"rotation":90,"texture":"#0","tintindex":0},"up":{"uv":[0.0,1.5,0.0,0.0],"rotation":0,"texture":"#0","tintindex":0},"down":{"uv":[0.0,0.0,0.0,1.5],"rotation":0,"texture":"#0","tintindex":0}}},{"from":[9.157143,10.711296,8.71488],"to":[9.157143,12.711297,9.572023],"rotation":{"angle":22.5,"axis":"x","origin":[9.143429,10.854154,9.429166]},"faces":{"east":{"uv":[15.5,15.0,16.0,15.5],"rotation":90,"texture":"#0","tintindex":0},"south":{"uv":[15.5,15.5,16.0,16.0],"rotation":0,"texture":"#0","tintindex":0},"north":{"uv":[15.5,15.5,16.0,16.0],"rotation":0,"texture":"#0","tintindex":0},"west":{"uv":[15.5,15.5,16.0,16.0],"rotation":90,"texture":"#0","tintindex":0},"up":{"uv":[15.5,15.5,16.0,16.0],"rotation":0,"texture":"#0","tintindex":0},"down":{"uv":[15.5,15.5,16.0,16.0],"rotation":0,"texture":"#0","tintindex":0}}},{"from":[9.157143,10.711296,7.572023],"to":[9.157143,12.711297,8.429166],"rotation":{"angle":22.5,"axis":"x","origin":[9.143429,10.854154,9.429166]},"faces":{"east":{"uv":[15.5,15.0,16.0,15.5],"rotation":90,"texture":"#0","tintindex":0},"south":{"uv":[15.5,15.5,16.0,16.0],"rotation":0,"texture":"#0","tintindex":0},"north":{"uv":[15.5,15.5,16.0,16.0],"rotation":0,"texture":"#0","tintindex":0},"west":{"uv":[15.5,15.5,16.0,16.0],"rotation":90,"texture":"#0","tintindex":0},"up":{"uv":[15.5,15.5,16.0,16.0],"rotation":0,"texture":"#0","tintindex":0},"down":{"uv":[15.5,15.5,16.0,16.0],"rotation":0,"texture":"#0","tintindex":0}}},{"from":[9.157143,10.711296,7.0005946],"to":[9.157143,12.139868,9.000595],"rotation":{"angle":22.5,"axis":"x","origin":[9.143429,10.854154,9.429166]},"faces":{"east":{"uv":[15.5,15.0,16.0,15.5],"rotation":90,"texture":"#0","tintindex":0},"south":{"uv":[15.5,15.5,16.0,16.0],"rotation":0,"texture":"#0","tintindex":0},"north":{"uv":[15.5,15.5,16.0,16.0],"rotation":0,"texture":"#0","tintindex":0},"west":{"uv":[15.5,15.5,16.0,16.0],"rotation":90,"texture":"#0","tintindex":0},"up":{"uv":[15.5,15.5,16.0,16.0],"rotation":0,"texture":"#0","tintindex":0},"down":{"uv":[15.5,15.5,16.0,16.0],"rotation":0,"texture":"#0","tintindex":0}}},{"from":[9.1285715,10.711296,7.0005946],"to":[9.1285715,12.139868,9.000595],"rotation":{"angle":22.5,"axis":"x","origin":[6.856571,10.854154,9.429166]},"faces":{"east":{"uv":[15.5,16.0,16.0,15.5],"rotation":90,"texture":"#0","tintindex":0},"south":{"uv":[16.0,15.5,15.5,16.0],"rotation":0,"texture":"#0","tintindex":0},"north":{"uv":[16.0,15.5,15.5,16.0],"rotation":0,"texture":"#0","tintindex":0},"west":{"uv":[15.5,15.5,16.0,15.0],"rotation":90,"texture":"#0","tintindex":0},"up":{"uv":[16.0,15.5,15.5,16.0],"rotation":0,"texture":"#0","tintindex":0},"down":{"uv":[16.0,15.5,15.5,16.0],"rotation":0,"texture":"#0","tintindex":0}}},{"from":[9.1285715,10.711296,8.71488],"to":[9.1285715,12.711297,9.572023],"rotation":{"angle":22.5,"axis":"x","origin":[6.856571,10.854154,9.429166]},"faces":{"east":{"uv":[15.5,16.0,16.0,15.5],"rotation":90,"texture":"#0","tintindex":0},"south":{"uv":[16.0,15.5,15.5,16.0],"rotation":0,"texture":"#0","tintindex":0},"north":{"uv":[16.0,15.5,15.5,16.0],"rotation":0,"texture":"#0","tintindex":0},"west":{"uv":[15.5,15.5,16.0,15.0],"rotation":90,"texture":"#0","tintindex":0},"up":{"uv":[16.0,15.5,15.5,16.0],"rotation":0,"texture":"#0","tintindex":0},"down":{"uv":[16.0,15.5,15.5,16.0],"rotation":0,"texture":"#0","tintindex":0}}},{"from":[9.1285715,10.711296,7.572023],"to":[9.1285715,12.711297,8.429166],"rotation":{"angle":22.5,"axis":"x","origin":[6.856571,10.854154,9.429166]},"faces":{"east":{"uv":[15.5,16.0,16.0,15.5],"rotation":90,"texture":"#0","tintindex":0},"south":{"uv":[16.0,15.5,15.5,16.0],"rotation":0,"texture":"#0","tintindex":0},"north":{"uv":[16.0,15.5,15.5,16.0],"rotation":0,"texture":"#0","tintindex":0},"west":{"uv":[15.5,15.5,16.0,15.0],"rotation":90,"texture":"#0","tintindex":0},"up":{"uv":[16.0,15.5,15.5,16.0],"rotation":0,"texture":"#0","tintindex":0},"down":{"uv":[16.0,15.5,15.5,16.0],"rotation":0,"texture":"#0","tintindex":0}}},{"from":[6.8714285,10.711296,7.0005946],"to":[6.8714285,12.139868,9.000595],"rotation":{"angle":22.5,"axis":"x","origin":[9.143429,10.854154,9.429166]},"faces":{"east":{"uv":[15.5,15.0,16.0,15.5],"rotation":90,"texture":"#0","tintindex":0},"south":{"uv":[15.5,15.5,16.0,16.0],"rotation":0,"texture":"#0","tintindex":0},"north":{"uv":[15.5,15.5,16.0,16.0],"rotation":0,"texture":"#0","tintindex":0},"west":{"uv":[15.5,15.5,16.0,16.0],"rotation":90,"texture":"#0","tintindex":0},"up":{"uv":[15.5,15.5,16.0,16.0],"rotation":0,"texture":"#0","tintindex":0},"down":{"uv":[15.5,15.5,16.0,16.0],"rotation":0,"texture":"#0","tintindex":0}}},{"from":[6.8714285,10.711296,8.71488],"to":[6.8714285,12.711297,9.572023],"rotation":{"angle":22.5,"axis":"x","origin":[9.143429,10.854154,9.429166]},"faces":{"east":{"uv":[15.5,15.0,16.0,15.5],"rotation":90,"texture":"#0","tintindex":0},"south":{"uv":[15.5,15.5,16.0,16.0],"rotation":0,"texture":"#0","tintindex":0},"north":{"uv":[15.5,15.5,16.0,16.0],"rotation":0,"texture":"#0","tintindex":0},"west":{"uv":[15.5,15.5,16.0,16.0],"rotation":90,"texture":"#0","tintindex":0},"up":{"uv":[15.5,15.5,16.0,16.0],"rotation":0,"texture":"#0","tintindex":0},"down":{"uv":[15.5,15.5,16.0,16.0],"rotation":0,"texture":"#0","tintindex":0}}},{"from":[6.8714285,10.711296,7.572023],"to":[6.8714285,12.711297,8.429166],"rotation":{"angle":22.5,"axis":"x","origin":[9.143429,10.854154,9.429166]},"faces":{"east":{"uv":[15.5,15.0,16.0,15.5],"rotation":90,"texture":"#0","tintindex":0},"south":{"uv":[15.5,15.5,16.0,16.0],"rotation":0,"texture":"#0","tintindex":0},"north":{"uv":[15.5,15.5,16.0,16.0],"rotation":0,"texture":"#0","tintindex":0},"west":{"uv":[15.5,15.5,16.0,16.0],"rotation":90,"texture":"#0","tintindex":0},"up":{"uv":[15.5,15.5,16.0,16.0],"rotation":0,"texture":"#0","tintindex":0},"down":{"uv":[15.5,15.5,16.0,16.0],"rotation":0,"texture":"#0","tintindex":0}}},{"from":[6.842857,10.711296,8.71488],"to":[6.842857,12.711297,9.572023],"rotation":{"angle":22.5,"axis":"x","origin":[6.856571,10.854154,9.429166]},"faces":{"east":{"uv":[15.5,16.0,16.0,15.5],"rotation":90,"texture":"#0","tintindex":0},"south":{"uv":[16.0,15.5,15.5,16.0],"rotation":0,"texture":"#0","tintindex":0},"north":{"uv":[16.0,15.5,15.5,16.0],"rotation":0,"texture":"#0","tintindex":0},"west":{"uv":[15.5,15.5,16.0,15.0],"rotation":90,"texture":"#0","tintindex":0},"up":{"uv":[16.0,15.5,15.5,16.0],"rotation":0,"texture":"#0","tintindex":0},"down":{"uv":[16.0,15.5,15.5,16.0],"rotation":0,"texture":"#0","tintindex":0}}},{"from":[6.842857,10.711296,7.572023],"to":[6.842857,12.711297,8.429166],"rotation":{"angle":22.5,"axis":"x","origin":[6.856571,10.854154,9.429166]},"faces":{"east":{"uv":[15.5,16.0,16.0,15.5],"rotation":90,"texture":"#0","tintindex":0},"south":{"uv":[16.0,15.5,15.5,16.0],"rotation":0,"texture":"#0","tintindex":0},"north":{"uv":[16.0,15.5,15.5,16.0],"rotation":0,"texture":"#0","tintindex":0},"west":{"uv":[15.5,15.5,16.0,15.0],"rotation":90,"texture":"#0","tintindex":0},"up":{"uv":[16.0,15.5,15.5,16.0],"rotation":0,"texture":"#0","tintindex":0},"down":{"uv":[16.0,15.5,15.5,16.0],"rotation":0,"texture":"#0","tintindex":0}}},{"from":[6.842857,10.711296,7.0005946],"to":[6.842857,12.139868,9.000595],"rotation":{"angle":22.5,"axis":"x","origin":[6.856571,10.854154,9.429166]},"faces":{"east":{"uv":[15.5,16.0,16.0,15.5],"rotation":90,"texture":"#0","tintindex":0},"south":{"uv":[16.0,15.5,15.5,16.0],"rotation":0,"texture":"#0","tintindex":0},"north":{"uv":[16.0,15.5,15.5,16.0],"rotation":0,"texture":"#0","tintindex":0},"west":{"uv":[15.5,15.5,16.0,15.0],"rotation":90,"texture":"#0","tintindex":0},"up":{"uv":[16.0,15.5,15.5,16.0],"rotation":0,"texture":"#0","tintindex":0},"down":{"uv":[16.0,15.5,15.5,16.0],"rotation":0,"texture":"#0","tintindex":0}}}],"textures":{"0":"modelengine:entity/baboon_chick"},"display":{"head":{"translation":[0.0,-6.4,0.0],"scale":[4.0,4.0,4.0]}}}