{
	"credit": "Made with Blockbench",
	"texture_size": [64, 64],
	"textures": {
		"6": "modelengine:entity/bulb_lilypad"
	},
	"elements": [
		{
			"from": [2, 1.91667, 2.98333],
			"to": [14, 9.91667, 12.98333],
			"rotation": {"angle": 0, "axis": "y", "origin": [8, 8.91667, 7.98333]},
			"faces": {
				"north": {"uv": [4.5, 5, 7.5, 7], "texture": "#6"},
				"east": {"uv": [7.5, 0, 10, 2], "texture": "#6"},
				"south": {"uv": [4.5, 7, 7.5, 9], "texture": "#6"},
				"west": {"uv": [7.5, 2, 10, 4], "texture": "#6"},
				"up": {"uv": [7.5, 2.5, 4.5, 0], "texture": "#6"},
				"down": {"uv": [7.5, 2.5, 4.5, 5], "texture": "#6"}
			}
		},
		{
			"from": [-1, 9.91667, -1.01667],
			"to": [17, 9.91667, 16.98333],
			"rotation": {"angle": 0, "axis": "y", "origin": [8, 8.91667, 7.98333]},
			"faces": {
				"north": {"uv": [0, 0, 4.5, 0], "texture": "#6"},
				"east": {"uv": [0, 0, 4.5, 0], "texture": "#6"},
				"south": {"uv": [0, 0, 4.5, 0], "texture": "#6"},
				"west": {"uv": [0, 0, 4.5, 0], "texture": "#6"},
				"up": {"uv": [4.5, 4.5, 0, 0], "texture": "#6"},
				"down": {"uv": [4.5, 4.5, 0, 9], "texture": "#6"}
			}
		},
		{
			"from": [4, 9.91667, 2.98333],
			"to": [12, 9.91667, 7.98333],
			"rotation": {"angle": 22.5, "axis": "x", "origin": [8, 9.91667, 7.98333]},
			"faces": {
				"north": {"uv": [0, 0, 2, 0], "texture": "#6"},
				"east": {"uv": [0, 0, 1.25, 0], "texture": "#6"},
				"south": {"uv": [0, 0, 2, 0], "texture": "#6"},
				"west": {"uv": [0, 0, 1.25, 0], "texture": "#6"},
				"up": {"uv": [6.5, 10.25, 4.5, 9], "texture": "#6"},
				"down": {"uv": [4.5, 9, 6.5, 10.25], "texture": "#6"}
			}
		},
		{
			"from": [4, 9.91667, 7.98333],
			"to": [12, 14.91667, 7.98333],
			"rotation": {"angle": -22.5, "axis": "x", "origin": [8, 9.91667, 7.98333]},
			"faces": {
				"north": {"uv": [8.5, 9.25, 10.5, 10.5], "texture": "#6"},
				"east": {"uv": [0, 0, 0, 1.25], "texture": "#6"},
				"south": {"uv": [10.5, 9.25, 8.5, 10.5], "texture": "#6"},
				"west": {"uv": [0, 0, 0, 1.25], "texture": "#6"},
				"up": {"uv": [2, 0, 0, 0], "texture": "#6"},
				"down": {"uv": [2, 0, 0, 0], "texture": "#6"}
			}
		},
		{
			"from": [4, 9.91667, 8.01667],
			"to": [12, 9.91667, 13.01667],
			"rotation": {"angle": -22.5, "axis": "x", "origin": [8, 9.91667, 8.01667]},
			"faces": {
				"north": {"uv": [2, 0, 0, 0], "texture": "#6"},
				"east": {"uv": [1.25, 0, 0, 0], "texture": "#6"},
				"south": {"uv": [2, 0, 0, 0], "texture": "#6"},
				"west": {"uv": [1.25, 0, 0, 0], "texture": "#6"},
				"up": {"uv": [6.5, 9, 4.5, 10.25], "texture": "#6"},
				"down": {"uv": [4.5, 10.25, 6.5, 9], "texture": "#6"}
			}
		},
		{
			"from": [4, 9.91667, 8.01667],
			"to": [12, 14.91667, 8.01667],
			"rotation": {"angle": 22.5, "axis": "x", "origin": [8, 9.91667, 8.01667]},
			"faces": {
				"north": {"uv": [10.5, 9.25, 8.5, 10.5], "texture": "#6"},
				"east": {"uv": [0, 0, 0, 1.25], "texture": "#6"},
				"south": {"uv": [8.5, 9.25, 10.5, 10.5], "texture": "#6"},
				"west": {"uv": [0, 0, 0, 1.25], "texture": "#6"},
				"up": {"uv": [2, 0, 0, 0], "texture": "#6"},
				"down": {"uv": [2, 0, 0, 0], "texture": "#6"}
			}
		},
		{
			"from": [7.98333, 9.91667, 4],
			"to": [7.98333, 14.91667, 12],
			"rotation": {"angle": 22.5, "axis": "z", "origin": [7.98333, 9.91667, 8]},
			"faces": {
				"north": {"uv": [0, 0, 0, 1.25], "texture": "#6"},
				"east": {"uv": [10.5, 9.25, 8.5, 10.5], "texture": "#6"},
				"south": {"uv": [0, 0, 0, 1.25], "texture": "#6"},
				"west": {"uv": [8.5, 9.25, 10.5, 10.5], "texture": "#6"},
				"up": {"uv": [2, 0, 0, 0], "rotation": 90, "texture": "#6"},
				"down": {"uv": [2, 0, 0, 0], "rotation": 270, "texture": "#6"}
			}
		},
		{
			"from": [2.98333, 9.91667, 4],
			"to": [7.98333, 9.91667, 12],
			"rotation": {"angle": -22.5, "axis": "z", "origin": [7.98333, 9.91667, 8]},
			"faces": {
				"north": {"uv": [1.25, 0, 0, 0], "texture": "#6"},
				"east": {"uv": [2, 0, 0, 0], "texture": "#6"},
				"south": {"uv": [1.25, 0, 0, 0], "texture": "#6"},
				"west": {"uv": [2, 0, 0, 0], "texture": "#6"},
				"up": {"uv": [6.5, 9, 4.5, 10.25], "rotation": 90, "texture": "#6"},
				"down": {"uv": [4.5, 10.25, 6.5, 9], "rotation": 270, "texture": "#6"}
			}
		},
		{
			"from": [8.01667, 9.91667, 4],
			"to": [8.01667, 14.91667, 12],
			"rotation": {"angle": -22.5, "axis": "z", "origin": [8.01667, 9.91667, 8]},
			"faces": {
				"north": {"uv": [0, 0, 0, 1.25], "texture": "#6"},
				"east": {"uv": [8.5, 9.25, 10.5, 10.5], "texture": "#6"},
				"south": {"uv": [0, 0, 0, 1.25], "texture": "#6"},
				"west": {"uv": [10.5, 9.25, 8.5, 10.5], "texture": "#6"},
				"up": {"uv": [2, 0, 0, 0], "rotation": 90, "texture": "#6"},
				"down": {"uv": [2, 0, 0, 0], "rotation": 270, "texture": "#6"}
			}
		},
		{
			"from": [8.01667, 9.91667, 4],
			"to": [13.01667, 9.91667, 12],
			"rotation": {"angle": 22.5, "axis": "z", "origin": [8.01667, 9.91667, 8]},
			"faces": {
				"north": {"uv": [0, 0, 1.25, 0], "texture": "#6"},
				"east": {"uv": [0, 0, 2, 0], "texture": "#6"},
				"south": {"uv": [0, 0, 1.25, 0], "texture": "#6"},
				"west": {"uv": [0, 0, 2, 0], "texture": "#6"},
				"up": {"uv": [6.5, 10.25, 4.5, 9], "rotation": 90, "texture": "#6"},
				"down": {"uv": [4.5, 9, 6.5, 10.25], "rotation": 270, "texture": "#6"}
			}
		},
		{
			"from": [-1, 9.91667, 16.98333],
			"to": [17, 12.91667, 16.98333],
			"rotation": {"angle": 0, "axis": "y", "origin": [8, 8.91667, 7.98333]},
			"faces": {
				"north": {"uv": [7.5, 4, 12, 4.75], "texture": "#6"},
				"east": {"uv": [0, 0, 0, 0.75], "texture": "#6"},
				"south": {"uv": [12, 4, 7.5, 4.75], "texture": "#6"},
				"west": {"uv": [0, 0, 0, 0.75], "texture": "#6"},
				"up": {"uv": [4.5, 0, 0, 0], "texture": "#6"},
				"down": {"uv": [4.5, 0, 0, 0], "texture": "#6"}
			}
		},
		{
			"from": [-1, 9.91667, -1.01667],
			"to": [17, 12.91667, -1.01667],
			"rotation": {"angle": 0, "axis": "y", "origin": [8, 8.91667, 7.98333]},
			"faces": {
				"north": {"uv": [7.5, 5.5, 12, 6.25], "texture": "#6"},
				"east": {"uv": [0, 0, 0, 0.75], "texture": "#6"},
				"south": {"uv": [12, 5.5, 7.5, 6.25], "texture": "#6"},
				"west": {"uv": [0, 0, 0, 0.75], "texture": "#6"},
				"up": {"uv": [4.5, 0, 0, 0], "texture": "#6"},
				"down": {"uv": [4.5, 0, 0, 0], "texture": "#6"}
			}
		},
		{
			"from": [17, 9.91667, -1.01667],
			"to": [17, 12.91667, 16.98333],
			"rotation": {"angle": 0, "axis": "y", "origin": [8, 8.91667, 7.98333]},
			"faces": {
				"north": {"uv": [0, 0, 0, 0.75], "texture": "#6"},
				"east": {"uv": [7.5, 7, 12, 7.75], "texture": "#6"},
				"south": {"uv": [0, 0, 0, 0.75], "texture": "#6"},
				"west": {"uv": [12, 7, 7.5, 7.75], "texture": "#6"},
				"up": {"uv": [0, 4.5, 0, 0], "texture": "#6"},
				"down": {"uv": [0, 0, 0, 4.5], "texture": "#6"}
			}
		},
		{
			"from": [-1, 9.91667, -1.01667],
			"to": [-1, 12.91667, 16.98333],
			"rotation": {"angle": 0, "axis": "y", "origin": [8, 8.91667, 7.98333]},
			"faces": {
				"north": {"uv": [0, 0, 0, 0.75], "texture": "#6"},
				"east": {"uv": [7.5, 8.5, 12, 9.25], "texture": "#6"},
				"south": {"uv": [0, 0, 0, 0.75], "texture": "#6"},
				"west": {"uv": [12, 8.5, 7.5, 9.25], "texture": "#6"},
				"up": {"uv": [0, 4.5, 0, 0], "texture": "#6"},
				"down": {"uv": [0, 0, 0, 4.5], "texture": "#6"}
			}
		},
		{
			"from": [3, 5.91667, 1.98333],
			"to": [6, 8.91667, 2.98333],
			"rotation": {"angle": 0, "axis": "y", "origin": [8, 8.91667, 7.98333]},
			"faces": {
				"north": {"uv": [10.5, 2, 11.25, 2.75], "texture": "#6"},
				"east": {"uv": [3, 11, 3.25, 11.75], "texture": "#6"},
				"south": {"uv": [10.5, 2.75, 11.25, 3.5], "texture": "#6"},
				"west": {"uv": [3.25, 11, 3.5, 11.75], "texture": "#6"},
				"up": {"uv": [11.25, 3.75, 10.5, 3.5], "texture": "#6"},
				"down": {"uv": [11.5, 0.75, 10.75, 1], "texture": "#6"}
			}
		},
		{
			"from": [10, 5.91667, 1.98333],
			"to": [13, 8.91667, 2.98333],
			"rotation": {"angle": 0, "axis": "y", "origin": [8, 8.91667, 7.98333]},
			"faces": {
				"north": {"uv": [5.25, 10.25, 6, 11], "texture": "#6"},
				"east": {"uv": [2.5, 11, 2.75, 11.75], "texture": "#6"},
				"south": {"uv": [10.5, 1.25, 11.25, 2], "texture": "#6"},
				"west": {"uv": [2.75, 11, 3, 11.75], "texture": "#6"},
				"up": {"uv": [7.25, 9.25, 6.5, 9], "texture": "#6"},
				"down": {"uv": [10.75, 3.75, 10, 4], "texture": "#6"}
			}
		},
		{
			"from": [10, -0.08333, 6.98333],
			"to": [12, 2.91667, 9.98333],
			"rotation": {"angle": 0, "axis": "y", "origin": [8, 8.91667, 7.98333]},
			"faces": {
				"north": {"uv": [9.5, 10.5, 10, 11.25], "texture": "#6"},
				"east": {"uv": [6, 10.5, 6.75, 11.25], "texture": "#6"},
				"south": {"uv": [10, 10.5, 10.5, 11.25], "texture": "#6"},
				"west": {"uv": [6.75, 10.5, 7.5, 11.25], "texture": "#6"},
				"up": {"uv": [11, 10.75, 10.5, 10], "texture": "#6"},
				"down": {"uv": [11.25, 0, 10.75, 0.75], "texture": "#6"}
			}
		},
		{
			"from": [4, -0.08333, 6.98333],
			"to": [6, 2.91667, 9.98333],
			"rotation": {"angle": 0, "axis": "y", "origin": [8, 8.91667, 7.98333]},
			"faces": {
				"north": {"uv": [10.5, 10.75, 11, 11.5], "texture": "#6"},
				"east": {"uv": [7.5, 10.5, 8.25, 11.25], "texture": "#6"},
				"south": {"uv": [0, 11, 0.5, 11.75], "texture": "#6"},
				"west": {"uv": [8.25, 10.5, 9, 11.25], "texture": "#6"},
				"up": {"uv": [1, 11.75, 0.5, 11], "texture": "#6"},
				"down": {"uv": [1.5, 11, 1, 11.75], "texture": "#6"}
			}
		},
		{
			"from": [13, 1.91667, 6.98333],
			"to": [15, 6.91667, 9.98333],
			"rotation": {"angle": 0, "axis": "y", "origin": [7, 8.91667, 7.98333]},
			"faces": {
				"north": {"uv": [10, 1.25, 10.5, 2.5], "texture": "#6"},
				"east": {"uv": [2, 9.75, 2.75, 11], "texture": "#6"},
				"south": {"uv": [10, 2.5, 10.5, 3.75], "texture": "#6"},
				"west": {"uv": [2.75, 9.75, 3.5, 11], "texture": "#6"},
				"up": {"uv": [9.5, 11.25, 9, 10.5], "texture": "#6"},
				"down": {"uv": [11, 9.25, 10.5, 10], "texture": "#6"}
			}
		},
		{
			"from": [1, 1.91667, 6.98333],
			"to": [3, 6.91667, 9.98333],
			"rotation": {"angle": 0, "axis": "y", "origin": [9, 8.91667, 7.98333]},
			"faces": {
				"north": {"uv": [4.25, 10.25, 4.75, 11.5], "texture": "#6"},
				"east": {"uv": [3.5, 9.75, 4.25, 11], "texture": "#6"},
				"south": {"uv": [4.75, 10.25, 5.25, 11.5], "texture": "#6"},
				"west": {"uv": [10, 0, 10.75, 1.25], "texture": "#6"},
				"up": {"uv": [2, 11.75, 1.5, 11], "texture": "#6"},
				"down": {"uv": [2.5, 11, 2, 11.75], "texture": "#6"}
			}
		}
	],
	"gui_light": "front",
	"display": {
		"gui": {
			"rotation": [19, 180, 0],
			"translation": [0, -2.25, 0],
			"scale": [0.75, 0.75, 0.75]
		}
	},
	"groups": [
		{
			"name": "h_bulb",
			"origin": [8, 3.91667, 8.98333],
			"color": 0,
			"children": [
				0,
				1,
				2,
				3,
				4,
				5,
				6,
				7,
				8,
				9,
				10,
				11,
				12,
				13,
				14,
				15,
				{
					"name": "h_right_leg",
					"origin": [11, 2.91667, 7.98333],
					"color": 0,
					"children": [16]
				},
				{
					"name": "h_left_leg",
					"origin": [5, 2.91667, 7.98333],
					"color": 0,
					"children": [17]
				},
				{
					"name": "h_right_arm",
					"origin": [14, 6.91667, 8.48333],
					"color": 0,
					"children": [18]
				},
				{
					"name": "h_left_arm",
					"origin": [2, 6.91667, 8.48333],
					"color": 0,
					"children": [19]
				}
			]
		}
	]
}