{"elements":[{"from":[7.428571,5.142857,7.142857],"to":[8.571428,8.0,8.857143],"rotation":{"angle":0.0,"axis":"y","origin":[12.0,9.142858,7.714286]},"faces":{"east":{"uv":[9.5,9.75,10.25,11.0],"rotation":0,"texture":"#0","tintindex":0},"south":{"uv":[6.5,10.25,7.0,11.5],"rotation":0,"texture":"#0","tintindex":0},"north":{"uv":[6.0,10.25,6.5,11.5],"rotation":0,"texture":"#0","tintindex":0},"west":{"uv":[10.0,5.75,10.75,7.0],"rotation":0,"texture":"#0","tintindex":0},"up":{"uv":[11.5,3.0,11.0,2.25],"rotation":0,"texture":"#0","tintindex":0},"down":{"uv":[11.5,3.0,11.0,3.75],"rotation":0,"texture":"#0","tintindex":0}}}],"textures":{"0":"modelengine:entity/bulb_crimsonspore"},"display":{"head":{"translation":[0.0,-6.4,0.0],"scale":[4.0,4.0,4.0]}}}