{"elements":[{"from":[3.4285712,5.142857,8.0],"to":[12.571428,15.428572,8.0],"rotation":{"angle":0.0,"axis":"y","origin":[9.714286,5.142857,12.571428]},"faces":{"east":{"uv":[0.0,0.0,0.0,4.5],"rotation":0,"texture":"#3","tintindex":0},"south":{"uv":[10.5,0.0,14.5,4.5],"rotation":0,"texture":"#3","tintindex":0},"north":{"uv":[14.5,0.0,10.5,4.5],"rotation":0,"texture":"#3","tintindex":0},"west":{"uv":[0.0,0.0,0.0,4.5],"rotation":0,"texture":"#3","tintindex":0},"up":{"uv":[0.0,0.0,4.0,0.0],"rotation":0,"texture":"#3","tintindex":0},"down":{"uv":[0.0,0.0,4.0,0.0],"rotation":0,"texture":"#3","tintindex":0}}}],"textures":{"3":"modelengine:entity/bufo_bufo_youngling"},"display":{"head":{"translation":[0.0,-6.4,0.0],"scale":[4.0,4.0,4.0]}}}