{"elements":[{"from":[8.0,0.5714283,8.0],"to":[8.0,14.857143,14.285715],"rotation":{"angle":0.0,"axis":"y","origin":[6.857143,8.0,4.0]},"faces":{"east":{"uv":[5.875,6.5,5.1875,8.0625],"rotation":0,"texture":"#5","tintindex":0},"south":{"uv":[0.0,0.0,0.0,1.5625],"rotation":0,"texture":"#5","tintindex":0},"north":{"uv":[0.0,0.0,0.0,1.5625],"rotation":0,"texture":"#5","tintindex":0},"west":{"uv":[5.1875,6.5,5.875,8.0625],"rotation":0,"texture":"#5","tintindex":0},"up":{"uv":[0.0,0.6875,0.0,0.0],"rotation":0,"texture":"#5","tintindex":0},"down":{"uv":[0.0,0.0,0.0,0.6875],"rotation":0,"texture":"#5","tintindex":0}}}],"textures":{"5":"modelengine:entity/azriel_parts"},"display":{"head":{"translation":[0.0,-6.4,0.0],"scale":[4.0,4.0,4.0]}}}