{"elements":[{"from":[-0.57142925,4.3144298,4.9957943],"to":[16.57143,11.171573,11.852938],"rotation":{"angle":0.0,"axis":"y","origin":[8.0,7.7430015,8.424366]},"faces":{"east":{"uv":[8.4375,1.0625,7.6875,1.8125],"rotation":0,"texture":"#5","tintindex":0},"south":{"uv":[3.75,0.75,5.625,1.5],"rotation":0,"texture":"#5","tintindex":0},"north":{"uv":[3.75,0.0,5.625,0.75],"rotation":0,"texture":"#5","tintindex":0},"west":{"uv":[7.6875,1.0625,8.4375,1.8125],"rotation":0,"texture":"#5","tintindex":0},"up":{"uv":[5.625,2.25,3.75,1.5],"rotation":0,"texture":"#5","tintindex":0},"down":{"uv":[5.625,2.25,3.75,3.0],"rotation":0,"texture":"#5","tintindex":0}}},{"from":[-0.57142925,11.171573,4.9957943],"to":[4.5714283,12.31443,4.9957943],"rotation":{"angle":0.0,"axis":"y","origin":[8.0,7.7430015,8.424366]},"faces":{"east":{"uv":[0.0,0.0,0.0,0.125],"rotation":0,"texture":"#5","tintindex":0},"south":{"uv":[7.75,0.9375,8.3125,1.0625],"rotation":0,"texture":"#5","tintindex":0},"north":{"uv":[3.75,3.0,4.3125,3.125],"rotation":0,"texture":"#5","tintindex":0},"west":{"uv":[0.0,0.0,0.0,0.125],"rotation":0,"texture":"#5","tintindex":0},"up":{"uv":[0.5625,0.0,0.0,0.0],"rotation":0,"texture":"#5","tintindex":0},"down":{"uv":[0.5625,0.0,0.0,0.0],"rotation":0,"texture":"#5","tintindex":0}}},{"from":[11.428572,11.171573,4.9957943],"to":[16.57143,12.31443,4.9957943],"rotation":{"angle":0.0,"axis":"y","origin":[8.0,7.7430015,8.424366]},"faces":{"east":{"uv":[0.0,0.0,0.0,0.125],"rotation":0,"texture":"#5","tintindex":0},"south":{"uv":[8.3125,0.9375,7.75,1.0625],"rotation":0,"texture":"#5","tintindex":0},"north":{"uv":[4.3125,3.0,3.75,3.125],"rotation":0,"texture":"#5","tintindex":0},"west":{"uv":[0.0,0.0,0.0,0.125],"rotation":0,"texture":"#5","tintindex":0},"up":{"uv":[0.0,0.0,0.5625,0.0],"rotation":0,"texture":"#5","tintindex":0},"down":{"uv":[0.0,0.0,0.5625,0.0],"rotation":0,"texture":"#5","tintindex":0}}},{"from":[-0.57142925,-2.0209627,14.476524],"to":[16.57143,4.83618,14.476524],"rotation":{"angle":-22.5,"axis":"x","origin":[8.0,-2.0209627,14.476524]},"faces":{"east":{"uv":[0.0,0.0,0.0,0.75],"rotation":0,"texture":"#5","tintindex":0},"south":{"uv":[6.5,3.0,4.625,3.75],"rotation":0,"texture":"#5","tintindex":0},"north":{"uv":[4.625,3.0,6.5,3.75],"rotation":0,"texture":"#5","tintindex":0},"west":{"uv":[0.0,0.0,0.0,0.75],"rotation":0,"texture":"#5","tintindex":0},"up":{"uv":[1.875,0.0,0.0,0.0],"rotation":0,"texture":"#5","tintindex":0},"down":{"uv":[1.875,0.0,0.0,0.0],"rotation":0,"texture":"#5","tintindex":0}}},{"from":[-4.5714293,1.7142854,17.714287],"to":[19.428572,25.714287,17.714287],"rotation":{"angle":0.0,"axis":"y","origin":[8.0,-15.428572,2.2857141]},"faces":{"east":{"uv":[0.0,0.0,0.0,2.625],"rotation":0,"texture":"#5","tintindex":0},"south":{"uv":[2.625,0.0,0.0,2.625],"rotation":0,"texture":"#5","tintindex":0},"north":{"uv":[0.0,0.0,2.625,2.625],"rotation":0,"texture":"#5","tintindex":0},"west":{"uv":[0.0,0.0,0.0,2.625],"rotation":0,"texture":"#5","tintindex":0},"up":{"uv":[2.625,0.0,0.0,0.0],"rotation":0,"texture":"#5","tintindex":0},"down":{"uv":[2.625,0.0,0.0,0.0],"rotation":0,"texture":"#5","tintindex":0}}},{"from":[-0.57142925,1.8757062,3.985642],"to":[16.57143,4.7328486,3.985642],"rotation":{"angle":45.0,"axis":"x","origin":[8.0,3.3042774,3.985642]},"faces":{"east":{"uv":[0.0,0.0,0.0,0.3125],"rotation":0,"texture":"#5","tintindex":0},"south":{"uv":[9.5,2.9375,7.625,3.25],"rotation":0,"texture":"#5","tintindex":0},"north":{"uv":[7.625,2.9375,9.5,3.25],"rotation":0,"texture":"#5","tintindex":0},"west":{"uv":[0.0,0.0,0.0,0.3125],"rotation":0,"texture":"#5","tintindex":0},"up":{"uv":[1.875,0.0,0.0,0.0],"rotation":0,"texture":"#5","tintindex":0},"down":{"uv":[1.875,0.0,0.0,0.0],"rotation":0,"texture":"#5","tintindex":0}}},{"from":[-1.9856434,10.585787,4.9957943],"to":[-1.9856434,14.585787,11.852938],"rotation":{"angle":45.0,"axis":"z","origin":[-1.9856434,12.585787,8.424366]},"faces":{"east":{"uv":[9.5625,0.4375,8.8125,0.875],"rotation":0,"texture":"#5","tintindex":0},"south":{"uv":[0.0,0.0,0.0,0.4375],"rotation":0,"texture":"#5","tintindex":0},"north":{"uv":[0.0,0.0,0.0,0.4375],"rotation":0,"texture":"#5","tintindex":0},"west":{"uv":[8.8125,0.4375,9.5625,0.875],"rotation":0,"texture":"#5","tintindex":0},"up":{"uv":[0.0,0.75,0.0,0.0],"rotation":0,"texture":"#5","tintindex":0},"down":{"uv":[0.0,0.0,0.0,0.75],"rotation":0,"texture":"#5","tintindex":0}}},{"from":[-4.165223,13.847759,4.9957943],"to":[-4.165223,17.84776,11.852938],"rotation":{"angle":22.5,"axis":"z","origin":[-4.165223,15.847759,8.424366]},"faces":{"east":{"uv":[8.875,3.5625,9.625,4.0],"rotation":0,"texture":"#5","tintindex":0},"south":{"uv":[0.0,0.0,0.0,0.4375],"rotation":0,"texture":"#5","tintindex":0},"north":{"uv":[0.0,0.0,0.0,0.4375],"rotation":0,"texture":"#5","tintindex":0},"west":{"uv":[9.625,3.5625,8.875,4.0],"rotation":0,"texture":"#5","tintindex":0},"up":{"uv":[0.0,0.75,0.0,0.0],"rotation":0,"texture":"#5","tintindex":0},"down":{"uv":[0.0,0.0,0.0,0.75],"rotation":0,"texture":"#5","tintindex":0}}},{"from":[17.985643,10.585787,4.9957943],"to":[17.985643,14.585787,11.852938],"rotation":{"angle":-45.0,"axis":"z","origin":[17.985643,12.585787,8.424366]},"faces":{"east":{"uv":[9.5625,0.4375,8.8125,0.875],"rotation":0,"texture":"#5","tintindex":0},"south":{"uv":[0.0,0.0,0.0,0.4375],"rotation":0,"texture":"#5","tintindex":0},"north":{"uv":[0.0,0.0,0.0,0.4375],"rotation":0,"texture":"#5","tintindex":0},"west":{"uv":[8.8125,0.4375,9.5625,0.875],"rotation":0,"texture":"#5","tintindex":0},"up":{"uv":[0.0,0.75,0.0,0.0],"rotation":0,"texture":"#5","tintindex":0},"down":{"uv":[0.0,0.0,0.0,0.75],"rotation":0,"texture":"#5","tintindex":0}}},{"from":[20.165222,13.847759,4.9957943],"to":[20.165222,17.84776,11.852938],"rotation":{"angle":-22.5,"axis":"z","origin":[20.165222,15.847759,8.424366]},"faces":{"east":{"uv":[8.875,3.5625,9.625,4.0],"rotation":0,"texture":"#5","tintindex":0},"south":{"uv":[0.0,0.0,0.0,0.4375],"rotation":0,"texture":"#5","tintindex":0},"north":{"uv":[0.0,0.0,0.0,0.4375],"rotation":0,"texture":"#5","tintindex":0},"west":{"uv":[9.625,3.5625,8.875,4.0],"rotation":0,"texture":"#5","tintindex":0},"up":{"uv":[0.0,0.75,0.0,0.0],"rotation":0,"texture":"#5","tintindex":0},"down":{"uv":[0.0,0.0,0.0,0.75],"rotation":0,"texture":"#5","tintindex":0}}}],"textures":{"5":"modelengine:entity/azriel_parts"},"display":{"head":{"translation":[0.0,-6.4,0.0],"scale":[4.0,4.0,4.0]}}}