{
	"parent": "item/generated",
	"textures": {
		"layer0": "item/bow"
	},
	"display": {
		"thirdperson_righthand": {
			"rotation": [-80, 260, -40],
			"translation": [-1, -2, 2.5],
			"scale": [0.9, 0.9, 0.9]
		},
		"thirdperson_lefthand": {
			"rotation": [-80, -280, 40],
			"translation": [-1, -2, 2.5],
			"scale": [0.9, 0.9, 0.9]
		},
		"firstperson_righthand": {
			"rotation": [0, -90, 25],
			"translation": [1.13, 3.2, 1.13],
			"scale": [0.68, 0.68, 0.68]
		},
		"firstperson_lefthand": {
			"rotation": [0, 90, -25],
			"translation": [1.13, 3.2, 1.13],
			"scale": [0.68, 0.68, 0.68]
		}
	},
	"overrides": [
		{
			"predicate": { "custom_model_data": 1 },
			"model": "littleroom_goblin_pack_vol2:gp2_goblin_bow"
		},
		{
			"predicate": {
				"custom_model_data": 1,
				"pulling": 1,
				"pull": 0
			},
			"model": "littleroom_goblin_pack_vol2:gp2_goblin_bow_pulling"
		},
		{
			"predicate": {
				"custom_model_data": 1,
				"pulling": 1,
				"pull": 0.65
			},
			"model": "littleroom_goblin_pack_vol2:gp2_goblin_bow_pulling"
		},
		{
			"predicate": {
				"custom_model_data": 1,
				"pulling": 1,
				"pull": 0.9
			},
			"model": "littleroom_goblin_pack_vol2:gp2_goblin_bow_pulling"
		},
		{
			"predicate": { "custom_model_data": 1 },
			"model": "littleroom_voras:voras_bow"
		},
		{
			"predicate": {
				"custom_model_data": 1,
				"pulling": 1,
				"pull": 0
			},
			"model": "littleroom_voras:voras_bow_pulling_0"
		},
		{
			"predicate": {
				"custom_model_data": 1,
				"pulling": 1,
				"pull": 0.65
			},
			"model": "littleroom_voras:voras_bow_pulling_0"
		},
		{
			"predicate": {
				"custom_model_data": 1,
				"pulling": 1,
				"pull": 0.9
			},
			"model": "littleroom_voras:voras_bow_pulling_0"
		}
	]
}